Well Position,Name,Sequence,5' Phosphorylation (for blunt cloning only)
A1,design_1_59_dldesign_0,TTCTATCGCTGCTAAGGAAGAAGGTGTTCAATTGGACAAGAGAGAAGCTGGGTCTCAACGCACAAGTGCAATTGGTGGAATCTGGTGGTGGTTTGGTGCAACCTGGTGGTTCTTTGAGATTGTCTTGTGCTGCTTCTGGTGCTGATTTTTCTCAAGGTTCTTTGGGTTGGTTTAGACAAGCTCCTGGTCAAGGTTTGGAAGCTGTGGCTGCTATGAATTCTGATGGTTCTGGTACTTATTATGCTGATTCTGTGAAAGGTAGATTTACTATTTCTAGAGATAATTCTAAAAATACTTTGTATTTGCAAATGAATTCTTTGAGAGCTGAAGATACTGCTGTGTATTATTGTGCTATTGGTTTGGGTGGTGGTGATTTGACTGGTTGGGGTCAAGGTACTTTGGTGACTGTGTCTgGTTCagagaccCaaggacaatagctcgacgattgaaggtagatacccatacg,
B1,design_1_30_dldesign_0,TTCTATCGCTGCTAAGGAAGAAGGTGTTCAATTGGACAAGAGAGAAGCTGGGTCTCAACGCACAAGTGCAATTGGTGGAATCTGGTGGTGGTTTGGTGCAACCTGGTGGTTCTTTGAGATTGTCTTGTGCTGCTTCTGGTTCTGTGGGTTCTGGTTCTTTGGGTTGGTTTAGACAAGCTCCTGGTCAAGGTTTGGAAGCTGTGGCTGCTATTGATACTTCTGGTGGTACTTATTATGCTGATTCTGTGAAAGGTAGATTTACTATTTCTAGAGATAATTCTAAAAATACTTTGTATTTGCAAATGAATTCTTTGAGAGCTGAAGATACTGCTGTGTATTATTGTGCTATTGGTTCTTCTGCTGGTGCTGATTTGACTGGTTGGGGTCAAGGTACTTTGGTGACTGTGTCTgGTTCagagaccCaaggacaatagctcgacgattgaaggtagatacccatacg,
C1,design_1_82_dldesign_0,TTCTATCGCTGCTAAGGAAGAAGGTGTTCAATTGGACAAGAGAGAAGCTGGGTCTCAACGCACAAGTGCAATTGGTGGAATCTGGTGGTGGTTTGGTGCAACCTGGTGGTTCTTTGAGATTGTCTTGTGCTGCTTCTGGTGCTGATTTGTCTGCTGGTTCTTTGGGTTGGTTTAGACAAGCTCCTGGTCAAGGTTTGGAAGCTGTGGCTGCTTTGGGTCCTGGTACTTATTATGCTGATTCTGTGAAAGGTAGATTTACTATTTCTAGAGATAATTCTAAAAATACTTTGTATTTGCAAATGAATTCTTTGAGAGCTGAAGATACTGCTGTGTATTATTGTGCTGTGGGTTTTGGTTCTGCTCATTTGGCTCCTGAAGCTTATGATGGTTGGGGTCAAGGTACTTTGGTGACTGTGTCTgGTTCagagaccCaaggacaatagctcgacgattgaaggtagatacccatacg,
D1,design_1_11_dldesign_0,TTCTATCGCTGCTAAGGAAGAAGGTGTTCAATTGGACAAGAGAGAAGCTGGGTCTCAACGCACAAGTGCAATTGGTGGAATCTGGTGGTGGTTTGGTGCAACCTGGTGGTTCTTTGAGATTGTCTTGTGCTGCTTCTGGTGGTGGTTCTTTGGGTTGGTTTAGACAAGCTCCTGGTCAAGGTTTGGAAGCTGTGGCTGCTATTCATAATGGTGGTACTTATTATGCTGATTCTGTGAAAGGTAGATTTACTATTTCTAGAGATAATTCTAAAAATACTTTGTATTTGCAAATGAATTCTTTGAGAGCTGAAGATACTGCTGTGTATTATTGTGCTATTGGTGGTACTTCTTTTCATCCTTCTGATTATTCTGGTTGGGGTCAAGGTACTTTGGTGACTGTGTCTgGTTCagagaccCaaggacaatagctcgacgattgaaggtagatacccatacg,
E1,design_1_12_dldesign_0,TTCTATCGCTGCTAAGGAAGAAGGTGTTCAATTGGACAAGAGAGAAGCTGGGTCTCAACGCACAAGTGCAATTGGTGGAATCTGGTGGTGGTTTGGTGCAACCTGGTGGTTCTTTGAGATTGTCTTGTGCTGCTTCTGGTGGTGATTTTTCTACTGGTTCTTTGGGTTGGTTTAGACAAGCTCCTGGTCAAGGTTTGGAAGCTGTGGCTGCTATTAATGCTTCTGGTGGTACTTATTATGCTGATTCTGTGAAAGGTAGATTTACTATTTCTAGAGATAATTCTAAAAATACTTTGTATTTGCAAATGAATTCTTTGAGAGCTGAAGATACTGCTGTGTATTATTGTGCTATTGGTGCTGCTGGTTCTGATTTGACTGGTTGGGGTCAAGGTACTTTGGTGACTGTGTCTgGTTCagagaccCaaggacaatagctcgacgattgaaggtagatacccatacg,
F1,design_1_28_dldesign_0,TTCTATCGCTGCTAAGGAAGAAGGTGTTCAATTGGACAAGAGAGAAGCTGGGTCTCAACGCACAAGTGCAATTGGTGGAATCTGGTGGTGGTTTGGTGCAACCTGGTGGTTCTTTGAGATTGTCTTGTGCTGCTACTGGTCCTGGTTCTTTGGGTTGGTTTAGACAAGCTCCTGGTCAAGGTTTGGAAGCTGTGGCTGCTATTTCTGCTGATGGTTCTGGTACTTATTATGCTGATTCTGTGAAAGGTAGATTTACTATTTCTAGAGATAATTCTAAAAATACTTTGTATTTGCAAATGAATTCTTTGAGAGCTGAAGATACTGCTGTGTATTATTGTGCTATTGGTGCTGCTGGTTCTGATTTGACTGGTTGGGGTCAAGGTACTTTGGTGACTGTGTCTgGTTCagagaccCaaggacaatagctcgacgattgaaggtagatacccatacg,
G1,design_1_81_dldesign_0,TTCTATCGCTGCTAAGGAAGAAGGTGTTCAATTGGACAAGAGAGAAGCTGGGTCTCAACGCACAAGTGCAATTGGTGGAATCTGGTGGTGGTTTGGTGCAACCTGGTGGTTCTTTGAGATTGTCTTGTGCTGCTTCTGGTCCTTTGGATGGTTCTTTGGGTTGGTTTAGACAAGCTCCTGGTCAAGGTTTGGAAGCTGTGGCTGCTATTGATAAATCTGGTGGTACTTATTATGCTGATTCTGTGAAAGGTAGATTTACTATTTCTAGAGATAATTCTAAAAATACTTTGTATTTGCAAATGAATTCTTTGAGAGCTGAAGATACTGCTGTGTATTATTGTGCTATGGGTGAAGATAATGAATTTTATGGTTGGGGTCAAGGTACTTTGGTGACTGTGTCTgGTTCagagaccCaaggacaatagctcgacgattgaaggtagatacccatacg,
H1,design_1_97_dldesign_0,TTCTATCGCTGCTAAGGAAGAAGGTGTTCAATTGGACAAGAGAGAAGCTGGGTCTCAACGCACAAGTGCAATTGGTGGAATCTGGTGGTGGTTTGGTGCAACCTGGTGGTTCTTTGAGATTGTCTTGTGCTGCTACTGGTCCTGGTTCTTTGGGTTGGTTTAGACAAGCTCCTGGTCAAGGTTTGGAAGCTGTGGCTGCTTTGTCTGGTCCTGGTGCTAATGCTGGTACTTATTATGCTGATTCTGTGAAAGGTAGATTTACTATTTCTAGAGATAATTCTAAAAATACTTTGTATTTGCAAATGAATTCTTTGAGAGCTGAAGATACTGCTGTGTATTATTGTGCTATTGGTCCTACTATTGGTGAATTTTATGGTTGGGGTCAAGGTACTTTGGTGACTGTGTCTgGTTCagagaccCaaggacaatagctcgacgattgaaggtagatacccatacg,
A2,design_1_4_dldesign_0,TTCTATCGCTGCTAAGGAAGAAGGTGTTCAATTGGACAAGAGAGAAGCTGGGTCTCAACGCACAAGTGCAATTGGTGGAATCTGGTGGTGGTTTGGTGCAACCTGGTGGTTCTTTGAGATTGTCTTGTGCTGCTTCTGGTGGTGATTTTTCTACTGGTTCTTTGGGTTGGTTTAGACAAGCTCCTGGTCAAGGTTTGGAAGCTGTGGCTGCTATGAATAATGATGGTTCTGGTACTTATTATGCTGATTCTGTGAAAGGTAGATTTACTATTTCTAGAGATAATTCTAAAAATACTTTGTATTTGCAAATGAATTCTTTGAGAGCTGAAGATACTGCTGTGTATTATTGTGCTATTGGTCCTGCTGGTATTGATTCTGTGTTTACTGGTTGGGGTCAAGGTACTTTGGTGACTGTGTCTgGTTCagagaccCaaggacaatagctcgacgattgaaggtagatacccatacg,
B2,design_1_22_dldesign_0,TTCTATCGCTGCTAAGGAAGAAGGTGTTCAATTGGACAAGAGAGAAGCTGGGTCTCAACGCACAAGTGCAATTGGTGGAATCTGGTGGTGGTTTGGTGCAACCTGGTGGTTCTTTGAGATTGTCTTGTGCTGCTTCTGGTGCTGATTTTTCTAAAGGTTCTTTGGGTTGGTTTAGACAAGCTCCTGGTCAAGGTTTGGAAGCTGTGGCTGCTTTGTCTGCTGATGGTTCTGGTACTTATTATGCTGATTCTGTGAAAGGTAGATTTACTATTTCTAGAGATAATTCTAAAAATACTTTGTATTTGCAAATGAATTCTTTGAGAGCTGAAGATACTGCTGTGTATTATTGTGCTGCTGGTCCTGGTAATGAATTGTTGGGTTGGGGTCAAGGTACTTTGGTGACTGTGTCTgGTTCagagaccCaaggacaatagctcgacgattgaaggtagatacccatacg,
C2,design_1_37_dldesign_0,TTCTATCGCTGCTAAGGAAGAAGGTGTTCAATTGGACAAGAGAGAAGCTGGGTCTCAACGCACAAGTGCAATTGGTGGAATCTGGTGGTGGTTTGGTGCAACCTGGTGGTTCTTTGAGATTGTCTTGTGCTGCTTCTGGTGATTGGCAAAATGGTTCTTTGGGTTGGTTTAGACAAGCTCCTGGTCAAGGTTTGGAAGCTGTGGCTGCTATGGATACTACTGAAAATGGTGGTACTTATTATGCTGATTCTGTGAAAGGTAGATTTACTATTTCTAGAGATAATTCTAAAAATACTTTGTATTTGCAAATGAATTCTTTGAGAGCTGAAGATACTGCTGTGTATTATTGTGCTTTGGGTGTGGGTGGTCAATTTACTGGTTGGGGTCAAGGTACTTTGGTGACTGTGTCTgGTTCagagaccCaaggacaatagctcgacgattgaaggtagatacccatacg,
D2,design_1_69_dldesign_0,TTCTATCGCTGCTAAGGAAGAAGGTGTTCAATTGGACAAGAGAGAAGCTGGGTCTCAACGCACAAGTGCAATTGGTGGAATCTGGTGGTGGTTTGGTGCAACCTGGTGGTTCTTTGAGATTGTCTTGTGCTGCTACTGGTCCTGGTTCTTTGGGTTGGTTTAGACAAGCTCCTGGTCAAGGTTTGGAAGCTGTGGCTGCTATTGATACTGCTGGTGGTACTTATTATGCTGATTCTGTGAAAGGTAGATTTACTATTTCTAGAGATAATTCTAAAAATACTTTGTATTTGCAAATGAATTCTTTGAGAGCTGAAGATACTGCTGTGTATTATTGTGCTGTGGGTGCTGGTGAAACTAATGATTTTACTGGTTGGGGTCAAGGTACTTTGGTGACTGTGTCTgGTTCagagaccCaaggacaatagctcgacgattgaaggtagatacccatacg,
E2,design_1_23_dldesign_0,TTCTATCGCTGCTAAGGAAGAAGGTGTTCAATTGGACAAGAGAGAAGCTGGGTCTCAACGCACAAGTGCAATTGGTGGAATCTGGTGGTGGTTTGGTGCAACCTGGTGGTTCTTTGAGATTGTCTTGTGCTGCTACTGGTCCTGGTTCTTTGGGTTGGTTTAGACAAGCTCCTGGTCAAGGTTTGGAAGCTGTGGCTGCTATTTCTGCTGCTGATCCTTCTGGTACTTATTATGCTGATTCTGTGAAAGGTAGATTTACTATTTCTAGAGATAATTCTAAAAATACTTTGTATTTGCAAATGAATTCTTTGAGAGCTGAAGATACTGCTGTGTATTATTGTGCTATTGGTCCTGCTACTGATGGTTCTTTTACTGGTTGGGGTCAAGGTACTTTGGTGACTGTGTCTgGTTCagagaccCaaggacaatagctcgacgattgaaggtagatacccatacg,
F2,design_1_42_dldesign_0,TTCTATCGCTGCTAAGGAAGAAGGTGTTCAATTGGACAAGAGAGAAGCTGGGTCTCAACGCACAAGTGCAATTGGTGGAATCTGGTGGTGGTTTGGTGCAACCTGGTGGTTCTTTGAGATTGTCTTGTGCTGCTTCTGGTGGTTCTTTGGGTTCTTTGGGTTGGTTTAGACAAGCTCCTGGTCAAGGTTTGGAAGCTGTGGCTGCTATTAGAAATGGTGGTACTTATTATGCTGATTCTGTGAAAGGTAGATTTACTATTTCTAGAGATAATTCTAAAAATACTTTGTATTTGCAAATGAATTCTTTGAGAGCTGAAGATACTGCTGTGTATTATTGTGCTGGTAATACTACTAATTCTTCTAGATTTTCTGGTTGGGGTCAAGGTACTTTGGTGACTGTGTCTgGTTCagagaccCaaggacaatagctcgacgattgaaggtagatacccatacg,
G2,design_1_11_dldesign_0,TTCTATCGCTGCTAAGGAAGAAGGTGTTCAATTGGACAAGAGAGAAGCTGGGTCTCAACGCACAAGTGCAATTGGTGGAATCTGGTGGTGGTTTGGTGCAACCTGGTGGTTCTTTGAGATTGTCTTGTGCTGCTACTGGTCCTCAAAATGGTTCTTTGGGTTGGTTTAGACAAGCTCCTGGTCAAGGTTTGGAAGCTGTGGCTGCTATGTCTGCTGATGGTTCTGGTACTTATTATGCTGATTCTGTGAAAGGTAGATTTACTATTTCTAGAGATAATTCTAAAAATACTTTGTATTTGCAAATGAATTCTTTGAGAGCTGAAGATACTGCTGTGTATTATTGTGCTATGGGTCCTGGTAATGGTGATTTGACTGGTTGGGGTCAAGGTACTTTGGTGACTGTGTCTgGTTCagagaccCaaggacaatagctcgacgattgaaggtagatacccatacg,
H2,design_1_80_dldesign_0,TTCTATCGCTGCTAAGGAAGAAGGTGTTCAATTGGACAAGAGAGAAGCTGGGTCTCAACGCACAAGTGCAATTGGTGGAATCTGGTGGTGGTTTGGTGCAACCTGGTGGTTCTTTGAGATTGTCTTGTGCTGCTACTGGTTCTTTTGGTTCTTTGGGTTGGTTTAGACAAGCTCCTGGTCAAGGTTTGGAAGCTGTGGCTGCTATTAATAATGGTGGTACTTATTATGCTGATTCTGTGAAAGGTAGATTTACTATTTCTAGAGATAATTCTAAAAATACTTTGTATTTGCAAATGAATTCTTTGAGAGCTGAAGATACTGCTGTGTATTATTGTGCTGCTGCTGCTACTAATTCTGATCAAAATTTTACTGGTTGGGGTCAAGGTACTTTGGTGACTGTGTCTgGTTCagagaccCaaggacaatagctcgacgattgaaggtagatacccatacg,
A3,design_1_55_dldesign_0,TTCTATCGCTGCTAAGGAAGAAGGTGTTCAATTGGACAAGAGAGAAGCTGGGTCTCAACGCACAAGTGCAATTGGTGGAATCTGGTGGTGGTTTGGTGCAACCTGGTGGTTCTTTGAGATTGTCTTGTGCTGCTTCTGGTTCTTGGCAAGGTGGTTCTTTGGGTTGGTTTAGACAAGCTCCTGGTCAAGGTTTGGAAGCTGTGGCTGCTATTGATGCTTCTGGTGGTACTTATTATGCTGATTCTGTGAAAGGTAGATTTACTATTTCTAGAGATAATTCTAAAAATACTTTGTATTTGCAAATGAATTCTTTGAGAGCTGAAGATACTGCTGTGTATTATTGTGCTATGGGTTCTTCTTCTTCTTGGGGTTCTTTTACTGGTTGGGGTCAAGGTACTTTGGTGACTGTGTCTgGTTCagagaccCaaggacaatagctcgacgattgaaggtagatacccatacg,
B3,design_1_5_dldesign_0,TTCTATCGCTGCTAAGGAAGAAGGTGTTCAATTGGACAAGAGAGAAGCTGGGTCTCAACGCACAAGTGCAATTGGTGGAATCTGGTGGTGGTTTGGTGCAACCTGGTGGTTCTTTGAGATTGTCTTGTGCTGCTTCTGGTGCTACTACTGCTGGTTCTTTGGGTTGGTTTAGACAAGCTCCTGGTCAAGGTTTGGAAGCTGTGGCTGCTATTAATGCTTCTGATGGTGGTACTTATTATGCTGATTCTGTGAAAGGTAGATTTACTATTTCTAGAGATAATTCTAAAAATACTTTGTATTTGCAAATGAATTCTTTGAGAGCTGAAGATACTGCTGTGTATTATTGTGCTATTGGTTCTGATTTGGGTTTTACTGGTTGGGGTCAAGGTACTTTGGTGACTGTGTCTgGTTCagagaccCaaggacaatagctcgacgattgaaggtagatacccatacg,
C3,design_1_97_dldesign_0,TTCTATCGCTGCTAAGGAAGAAGGTGTTCAATTGGACAAGAGAGAAGCTGGGTCTCAACGCACAAGTGCAATTGGTGGAATCTGGTGGTGGTTTGGTGCAACCTGGTGGTTCTTTGAGATTGTCTTGTGCTGCTACTGGTTCTTGGGGTTCTTTGGGTTGGTTTAGACAAGCTCCTGGTCAAGGTTTGGAAGCTGTGGCTGCTATGAATTCTTCTGGTGGTACTTATTATGCTGATTCTGTGAAAGGTAGATTTACTATTTCTAGAGATAATTCTAAAAATACTTTGTATTTGCAAATGAATTCTTTGAGAGCTGAAGATACTGCTGTGTATTATTGTGCTGCTGGTCAAGATGATAATGTGTTGACTGGTTGGGGTCAAGGTACTTTGGTGACTGTGTCTgGTTCagagaccCaaggacaatagctcgacgattgaaggtagatacccatacg,
D3,design_1_49_dldesign_0,TTCTATCGCTGCTAAGGAAGAAGGTGTTCAATTGGACAAGAGAGAAGCTGGGTCTCAACGCACAAGTGCAATTGGTGGAATCTGGTGGTGGTTTGGTGCAACCTGGTGGTTCTTTGAGATTGTCTTGTGCTGCTTCTGGTCCTGGTTCTTTGGGTTGGTTTAGACAAGCTCCTGGTCAAGGTTTGGAAGCTGTGGCTGCTTTGGATTCTGGTACTTATTATGCTGATTCTGTGAAAGGTAGATTTACTATTTCTAGAGATAATTCTAAAAATACTTTGTATTTGCAAATGAATTCTTTGAGAGCTGAAGATACTGCTGTGTATTATTGTGCTATTGGTTCTGGTAGATTGTTTACTGGTTGGGGTCAAGGTACTTTGGTGACTGTGTCTgGTTCagagaccCaaggacaatagctcgacgattgaaggtagatacccatacg,
E3,design_1_10_dldesign_0,TTCTATCGCTGCTAAGGAAGAAGGTGTTCAATTGGACAAGAGAGAAGCTGGGTCTCAACGCACAAGTGCAATTGGTGGAATCTGGTGGTGGTTTGGTGCAACCTGGTGGTTCTTTGAGATTGTCTTGTGCTGCTTCTGGTCCTCAAGGTGGTTCTTTGGGTTGGTTTAGACAAGCTCCTGGTCAAGGTTTGGAAGCTGTGGCTGCTATGACTTCTTCTTCTTCTAATGCTGGTACTTATTATGCTGATTCTGTGAAAGGTAGATTTACTATTTCTAGAGATAATTCTAAAAATACTTTGTATTTGCAAATGAATTCTTTGAGAGCTGAAGATACTGCTGTGTATTATTGTGCTACTGGTTCTTCTGATGGTGAATTTTTGGGTTGGGGTCAAGGTACTTTGGTGACTGTGTCTgGTTCagagaccCaaggacaatagctcgacgattgaaggtagatacccatacg,
F3,design_1_19_dldesign_0,TTCTATCGCTGCTAAGGAAGAAGGTGTTCAATTGGACAAGAGAGAAGCTGGGTCTCAACGCACAAGTGCAATTGGTGGAATCTGGTGGTGGTTTGGTGCAACCTGGTGGTTCTTTGAGATTGTCTTGTGCTGCTTCTGGTGCTGATTTTTCTACTGGTTCTTTGGGTTGGTTTAGACAAGCTCCTGGTCAAGGTTTGGAAGCTGTGGCTGCTATTGATTCTTCTGGTTCTACTGATGGTACTTATTATGCTGATTCTGTGAAAGGTAGATTTACTATTTCTAGAGATAATTCTAAAAATACTTTGTATTTGCAAATGAATTCTTTGAGAGCTGAAGATACTGCTGTGTATTATTGTGCTGCTGGTTATGGTAATGATTTGACTGGTTGGGGTCAAGGTACTTTGGTGACTGTGTCTgGTTCagagaccCaaggacaatagctcgacgattgaaggtagatacccatacg,
G3,design_1_76_dldesign_0,TTCTATCGCTGCTAAGGAAGAAGGTGTTCAATTGGACAAGAGAGAAGCTGGGTCTCAACGCACAAGTGCAATTGGTGGAATCTGGTGGTGGTTTGGTGCAACCTGGTGGTTCTTTGAGATTGTCTTGTGCTGCTTCTGGTTTTGATTTTTCTAAAGGTTCTTTGGGTTGGTTTAGACAAGCTCCTGGTCAAGGTTTGGAAGCTGTGGCTGCTATTGATGGTCCTGATGGTTCTGGTACTTATTATGCTGATTCTGTGAAAGGTAGATTTACTATTTCTAGAGATAATTCTAAAAATACTTTGTATTTGCAAATGAATTCTTTGAGAGCTGAAGATACTGCTGTGTATTATTGTGCTGTGGGTTTGGGTAATGGTGATTTGACTGGTTGGGGTCAAGGTACTTTGGTGACTGTGTCTgGTTCagagaccCaaggacaatagctcgacgattgaaggtagatacccatacg,
H3,design_1_17_dldesign_0,TTCTATCGCTGCTAAGGAAGAAGGTGTTCAATTGGACAAGAGAGAAGCTGGGTCTCAACGCACAAGTGCAATTGGTGGAATCTGGTGGTGGTTTGGTGCAACCTGGTGGTTCTTTGAGATTGTCTTGTGCTGCTACTGGTTCTTCTAATGGTTCTTTGGGTTGGTTTAGACAAGCTCCTGGTCAAGGTTTGGAAGCTGTGGCTGCTATTTCTGGTGTGTCTGGTGCTGGTACTTATTATGCTGATTCTGTGAAAGGTAGATTTACTATTTCTAGAGATAATTCTAAAAATACTTTGTATTTGCAAATGAATTCTTTGAGAGCTGAAGATACTGCTGTGTATTATTGTGCTTGGGGTGCTCCTACTTCTGATGTGTTTACTGGTTGGGGTCAAGGTACTTTGGTGACTGTGTCTgGTTCagagaccCaaggacaatagctcgacgattgaaggtagatacccatacg,
A4,design_1_36_dldesign_0,TTCTATCGCTGCTAAGGAAGAAGGTGTTCAATTGGACAAGAGAGAAGCTGGGTCTCAACGCACAAGTGCAATTGGTGGAATCTGGTGGTGGTTTGGTGCAACCTGGTGGTTCTTTGAGATTGTCTTGTGCTGCTTCTGGTGCTGATTTTTCTCAAGGTTCTTTGGGTTGGTTTAGACAAGCTCCTGGTCAAGGTTTGGAAGCTGTGGCTGCTATGTCTGCTGATGGTTCTGGTACTTATTATGCTGATTCTGTGAAAGGTAGATTTACTATTTCTAGAGATAATTCTAAAAATACTTTGTATTTGCAAATGAATTCTTTGAGAGCTGAAGATACTGCTGTGTATTATTGTGCTATTGGTCCTGCTACTTCTGCTGCTTTTGGTACTCAAACTGGTTGGGGTCAAGGTACTTTGGTGACTGTGTCTgGTTCagagaccCaaggacaatagctcgacgattgaaggtagatacccatacg,
B4,design_1_75_dldesign_0,TTCTATCGCTGCTAAGGAAGAAGGTGTTCAATTGGACAAGAGAGAAGCTGGGTCTCAACGCACAAGTGCAATTGGTGGAATCTGGTGGTGGTTTGGTGCAACCTGGTGGTTCTTTGAGATTGTCTTGTGCTGCTTCTGGTTCTACTAATGGTTCTTTGGGTTGGTTTAGACAAGCTCCTGGTCAAGGTTTGGAAGCTGTGGCTGCTTTGGATTCTGGTACTTATTATGCTGATTCTGTGAAAGGTAGATTTACTATTTCTAGAGATAATTCTAAAAATACTTTGTATTTGCAAATGAATTCTTTGAGAGCTGAAGATACTGCTGTGTATTATTGTGCTATGGGTTCTACTTTGACTGATTTTACTGGTTGGGGTCAAGGTACTTTGGTGACTGTGTCTgGTTCagagaccCaaggacaatagctcgacgattgaaggtagatacccatacg,
C4,design_1_88_dldesign_0,TTCTATCGCTGCTAAGGAAGAAGGTGTTCAATTGGACAAGAGAGAAGCTGGGTCTCAACGCACAAGTGCAATTGGTGGAATCTGGTGGTGGTTTGGTGCAACCTGGTGGTTCTTTGAGATTGTCTTGTGCTGCTTCTGGTGTGTCTAATTTGGCTGATGGTTCTTTGGGTTGGTTTAGACAAGCTCCTGGTCAAGGTTTGGAAGCTGTGGCTGCTTTGTATGATGGTGGTACTTATTATGCTGATTCTGTGAAAGGTAGATTTACTATTTCTAGAGATAATTCTAAAAATACTTTGTATTTGCAAATGAATTCTTTGAGAGCTGAAGATACTGCTGTGTATTATTGTGCTTTGTCTCCTGGTAGACCTCAATCTGGTTATCAAGCTTTGTCTCCTGAACATTATGATGGTTGGGGTCAAGGTACTTTGGTGACTGTGTCTgGTTCagagaccCaaggacaatagctcgacgattgaaggtagatacccatacg,
D4,design_1_60_dldesign_0,TTCTATCGCTGCTAAGGAAGAAGGTGTTCAATTGGACAAGAGAGAAGCTGGGTCTCAACGCACAAGTGCAATTGGTGGAATCTGGTGGTGGTTTGGTGCAACCTGGTGGTTCTTTGAGATTGTCTTGTGCTGCTACTGGTGATTGGCAAAATGGTTCTTTGGGTTGGTTTAGACAAGCTCCTGGTCAAGGTTTGGAAGCTGTGGCTGCTATTTCTTCTGATGGTTCTGGTACTTATTATGCTGATTCTGTGAAAGGTAGATTTACTATTTCTAGAGATAATTCTAAAAATACTTTGTATTTGCAAATGAATTCTTTGAGAGCTGAAGATACTGCTGTGTATTATTGTGCTTTGAGAAATTCTTCTGGTGCTTCTATTTCTCCTTCTGCTTATTCTGGTTGGGGTCAAGGTACTTTGGTGACTGTGTCTgGTTCagagaccCaaggacaatagctcgacgattgaaggtagatacccatacg,
E4,design_1_13_dldesign_0,TTCTATCGCTGCTAAGGAAGAAGGTGTTCAATTGGACAAGAGAGAAGCTGGGTCTCAACGCACAAGTGCAATTGGTGGAATCTGGTGGTGGTTTGGTGCAACCTGGTGGTTCTTTGAGATTGTCTTGTGCTGCTTCTGGTGCTGATTTTTCTAAAGGTTCTTTGGGTTGGTTTAGACAAGCTCCTGGTCAAGGTTTGGAAGCTGTGGCTGCTTTGTCTGCTGATGGTTCTGGTACTTATTATGCTGATTCTGTGAAAGGTAGATTTACTATTTCTAGAGATAATTCTAAAAATACTTTGTATTTGCAAATGAATTCTTTGAGAGCTGAAGATACTGCTGTGTATTATTGTGCTGTGTCTTTTGGTTCTAATGATTTTACTGGTTGGGGTCAAGGTACTTTGGTGACTGTGTCTgGTTCagagaccCaaggacaatagctcgacgattgaaggtagatacccatacg,
F4,design_1_35_dldesign_0,TTCTATCGCTGCTAAGGAAGAAGGTGTTCAATTGGACAAGAGAGAAGCTGGGTCTCAACGCACAAGTGCAATTGGTGGAATCTGGTGGTGGTTTGGTGCAACCTGGTGGTTCTTTGAGATTGTCTTGTGCTGCTTCTGGTTCTTGGGGTTCTTTGGGTTGGTTTAGACAAGCTCCTGGTCAAGGTTTGGAAGCTGTGGCTGCTATGTCTGGTGATGGTTCTGGTACTTATTATGCTGATTCTGTGAAAGGTAGATTTACTATTTCTAGAGATAATTCTAAAAATACTTTGTATTTGCAAATGAATTCTTTGAGAGCTGAAGATACTGCTGTGTATTATTGTGCTGCTGCTACTTCTACTTCTACTGATTTTACTGGTTGGGGTCAAGGTACTTTGGTGACTGTGTCTgGTTCagagaccCaaggacaatagctcgacgattgaaggtagatacccatacg,
G4,design_1_53_dldesign_0,TTCTATCGCTGCTAAGGAAGAAGGTGTTCAATTGGACAAGAGAGAAGCTGGGTCTCAACGCACAAGTGCAATTGGTGGAATCTGGTGGTGGTTTGGTGCAACCTGGTGGTTCTTTGAGATTGTCTTGTGCTGCTTCTGGTAATTGGCAAAATGGTTCTTTGGGTTGGTTTAGACAAGCTCCTGGTCAAGGTTTGGAAGCTGTGGCTGCTATGTCTAAAGCTGCTTCTACTGTGGGTACTTATTATGCTGATTCTGTGAAAGGTAGATTTACTATTTCTAGAGATAATTCTAAAAATACTTTGTATTTGCAAATGAATTCTTTGAGAGCTGAAGATACTGCTGTGTATTATTGTGCTATTGGTTCTTCTGTGACTTCTGGTTTTACTGGTTGGGGTCAAGGTACTTTGGTGACTGTGTCTgGTTCagagaccCaaggacaatagctcgacgattgaaggtagatacccatacg,
H4,design_1_53_dldesign_0,TTCTATCGCTGCTAAGGAAGAAGGTGTTCAATTGGACAAGAGAGAAGCTGGGTCTCAACGCACAAGTGCAATTGGTGGAATCTGGTGGTGGTTTGGTGCAACCTGGTGGTTCTTTGAGATTGTCTTGTGCTGCTTCTGGTGGTGATTTTTCTACTGGTTCTTTGGGTTGGTTTAGACAAGCTCCTGGTCAAGGTTTGGAAGCTGTGGCTGCTATTACTGCTGATGGTTCTGGTACTTATTATGCTGATTCTGTGAAAGGTAGATTTACTATTTCTAGAGATAATTCTAAAAATACTTTGTATTTGCAAATGAATTCTTTGAGAGCTGAAGATACTGCTGTGTATTATTGTGCTTGGGGTAATTCTTCTTCTTTGAATTTTACTGGTTGGGGTCAAGGTACTTTGGTGACTGTGTCTgGTTCagagaccCaaggacaatagctcgacgattgaaggtagatacccatacg,
A5,design_1_50_dldesign_0,TTCTATCGCTGCTAAGGAAGAAGGTGTTCAATTGGACAAGAGAGAAGCTGGGTCTCAACGCACAAGTGCAATTGGTGGAATCTGGTGGTGGTTTGGTGCAACCTGGTGGTTCTTTGAGATTGTCTTGTGCTGCTACTGGTTCTGGTTCTTTGGGTTGGTTTAGACAAGCTCCTGGTCAAGGTTTGGAAGCTGTGGCTGCTATTGATACTTCTGGTGGTACTTATTATGCTGATTCTGTGAAAGGTAGATTTACTATTTCTAGAGATAATTCTAAAAATACTTTGTATTTGCAAATGAATTCTTTGAGAGCTGAAGATACTGCTGTGTATTATTGTGCTATTGGTCCTGCTAATTCTGGTAATTTGATGTCTCCTGGTTCTTATTCTGGTTGGGGTCAAGGTACTTTGGTGACTGTGTCTgGTTCagagaccCaaggacaatagctcgacgattgaaggtagatacccatacg,
B5,design_1_83_dldesign_0,TTCTATCGCTGCTAAGGAAGAAGGTGTTCAATTGGACAAGAGAGAAGCTGGGTCTCAACGCACAAGTGCAATTGGTGGAATCTGGTGGTGGTTTGGTGCAACCTGGTGGTTCTTTGAGATTGTCTTGTGCTGCTACTGGTTCTTTTGGTTCTTTGGGTTGGTTTAGACAAGCTCCTGGTCAAGGTTTGGAAGCTGTGGCTGCTATGGATTCTTCTGGTGGTACTTATTATGCTGATTCTGTGAAAGGTAGATTTACTATTTCTAGAGATAATTCTAAAAATACTTTGTATTTGCAAATGAATTCTTTGAGAGCTGAAGATACTGCTGTGTATTATTGTGCTGCTCAAACTACTGTGACTGCTCCTGATTTGATTGTGTTTACTGGTTGGGGTCAAGGTACTTTGGTGACTGTGTCTgGTTCagagaccCaaggacaatagctcgacgattgaaggtagatacccatacg,
C5,design_1_13_dldesign_0,TTCTATCGCTGCTAAGGAAGAAGGTGTTCAATTGGACAAGAGAGAAGCTGGGTCTCAACGCACAAGTGCAATTGGTGGAATCTGGTGGTGGTTTGGTGCAACCTGGTGGTTCTTTGAGATTGTCTTGTGCTGCTACTGGTTCTGGTTCTTTGGGTTGGTTTAGACAAGCTCCTGGTCAAGGTTTGGAAGCTGTGGCTGCTATTAATTTGTCTGGTGGTACTTATTATGCTGATTCTGTGAAAGGTAGATTTACTATTTCTAGAGATAATTCTAAAAATACTTTGTATTTGCAAATGAATTCTTTGAGAGCTGAAGATACTGCTGTGTATTATTGTGCTATTGGTCCTTATGATTTGTCTTCTGATGCTTTGTCTCAATCTAATTATTCTGGTTGGGGTCAAGGTACTTTGGTGACTGTGTCTgGTTCagagaccCaaggacaatagctcgacgattgaaggtagatacccatacg,
D5,design_1_33_dldesign_0,TTCTATCGCTGCTAAGGAAGAAGGTGTTCAATTGGACAAGAGAGAAGCTGGGTCTCAACGCACAAGTGCAATTGGTGGAATCTGGTGGTGGTTTGGTGCAACCTGGTGGTTCTTTGAGATTGTCTTGTGCTGCTTCTGGTGCTGATTTGTCTGGTGGTTCTTTGGGTTGGTTTAGACAAGCTCCTGGTCAAGGTTTGGAAGCTGTGGCTGCTATTGATAATAATGGTGGTACTTATTATGCTGATTCTGTGAAAGGTAGATTTACTATTTCTAGAGATAATTCTAAAAATACTTTGTATTTGCAAATGAATTCTTTGAGAGCTGAAGATACTGCTGTGTATTATTGTGCTTGGAATGATGGTGGTGTGAATATGCATCCTGAAGCTTATGATGGTTGGGGTCAAGGTACTTTGGTGACTGTGTCTgGTTCagagaccCaaggacaatagctcgacgattgaaggtagatacccatacg,
E5,design_1_36_dldesign_0,TTCTATCGCTGCTAAGGAAGAAGGTGTTCAATTGGACAAGAGAGAAGCTGGGTCTCAACGCACAAGTGCAATTGGTGGAATCTGGTGGTGGTTTGGTGCAACCTGGTGGTTCTTTGAGATTGTCTTGTGCTGCTACTGGTCCTGGTTCTTTGGGTTGGTTTAGACAAGCTCCTGGTCAAGGTTTGGAAGCTGTGGCTGCTATTGATACTTCTGGTGGTACTTATTATGCTGATTCTGTGAAAGGTAGATTTACTATTTCTAGAGATAATTCTAAAAATACTTTGTATTTGCAAATGAATTCTTTGAGAGCTGAAGATACTGCTGTGTATTATTGTGCTATTGGTTCTGGTAATGGTGATTTGACTGGTTGGGGTCAAGGTACTTTGGTGACTGTGTCTgGTTCagagaccCaaggacaatagctcgacgattgaaggtagatacccatacg,
F5,design_1_37_dldesign_0,TTCTATCGCTGCTAAGGAAGAAGGTGTTCAATTGGACAAGAGAGAAGCTGGGTCTCAACGCACAAGTGCAATTGGTGGAATCTGGTGGTGGTTTGGTGCAACCTGGTGGTTCTTTGAGATTGTCTTGTGCTGCTACTGGTCCTGGTTCTTTGGGTTGGTTTAGACAAGCTCCTGGTCAAGGTTTGGAAGCTGTGGCTGCTATTGATGCTTCTGGTGGTACTTATTATGCTGATTCTGTGAAAGGTAGATTTACTATTTCTAGAGATAATTCTAAAAATACTTTGTATTTGCAAATGAATTCTTTGAGAGCTGAAGATACTGCTGTGTATTATTGTGCTTTGGGTGCTCCTACTTCTTTGGATTTGACTGGTTGGGGTCAAGGTACTTTGGTGACTGTGTCTgGTTCagagaccCaaggacaatagctcgacgattgaaggtagatacccatacg,
G5,design_1_53_dldesign_0,TTCTATCGCTGCTAAGGAAGAAGGTGTTCAATTGGACAAGAGAGAAGCTGGGTCTCAACGCACAAGTGCAATTGGTGGAATCTGGTGGTGGTTTGGTGCAACCTGGTGGTTCTTTGAGATTGTCTTGTGCTGCTTCTGGTAGAACTAATGGTTCTTTGGGTTGGTTTAGACAAGCTCCTGGTCAAGGTTTGGAAGCTGTGGCTGCTTTGGATTATTCTAATCCTTCTGGTACTTATTATGCTGATTCTGTGAAAGGTAGATTTACTATTTCTAGAGATAATTCTAAAAATACTTTGTATTTGCAAATGAATTCTTTGAGAGCTGAAGATACTGCTGTGTATTATTGTGCTATGGGTGATGGTTCTGCTGGTACTGGTAATTTTACTGGTTGGGGTCAAGGTACTTTGGTGACTGTGTCTgGTTCagagaccCaaggacaatagctcgacgattgaaggtagatacccatacg,
H5,design_1_92_dldesign_0,TTCTATCGCTGCTAAGGAAGAAGGTGTTCAATTGGACAAGAGAGAAGCTGGGTCTCAACGCACAAGTGCAATTGGTGGAATCTGGTGGTGGTTTGGTGCAACCTGGTGGTTCTTTGAGATTGTCTTGTGCTGCTACTGGTCCTGGTTCTTTGGGTTGGTTTAGACAAGCTCCTGGTCAAGGTTTGGAAGCTGTGGCTGCTTTGGGTTCTGGTACTTATTATGCTGATTCTGTGAAAGGTAGATTTACTATTTCTAGAGATAATTCTAAAAATACTTTGTATTTGCAAATGAATTCTTTGAGAGCTGAAGATACTGCTGTGTATTATTGTGCTATTGGTTCTTCTGGTAATGTGGGTTCTTTTACTGGTTGGGGTCAAGGTACTTTGGTGACTGTGTCTgGTTCagagaccCaaggacaatagctcgacgattgaaggtagatacccatacg,
A6,design_1_15_dldesign_0,TTCTATCGCTGCTAAGGAAGAAGGTGTTCAATTGGACAAGAGAGAAGCTGGGTCTCAACGCACAAGTGCAATTGGTGGAATCTGGTGGTGGTTTGGTGCAACCTGGTGGTTCTTTGAGATTGTCTTGTGCTGCTACTGGTCCTGGTTCTTTGGGTTGGTTTAGACAAGCTCCTGGTCAAGGTTTGGAAGCTGTGGCTGCTATTTCTCAAGATGGTTCTGGTACTTATTATGCTGATTCTGTGAAAGGTAGATTTACTATTTCTAGAGATAATTCTAAAAATACTTTGTATTTGCAAATGAATTCTTTGAGAGCTGAAGATACTGCTGTGTATTATTGTGCTATTGGTTCTTTTTCTGATAGACCTGAATCTTATTCTGGTTGGGGTCAAGGTACTTTGGTGACTGTGTCTgGTTCagagaccCaaggacaatagctcgacgattgaaggtagatacccatacg,
B6,design_1_52_dldesign_0,TTCTATCGCTGCTAAGGAAGAAGGTGTTCAATTGGACAAGAGAGAAGCTGGGTCTCAACGCACAAGTGCAATTGGTGGAATCTGGTGGTGGTTTGGTGCAACCTGGTGGTTCTTTGAGATTGTCTTGTGCTGCTTCTGGTGCTGATTTTTCTTCTGGTTCTTTGGGTTGGTTTAGACAAGCTCCTGGTCAAGGTTTGGAAGCTGTGGCTGCTTTGTCTTCTGGTGGTACTTATTATGCTGATTCTGTGAAAGGTAGATTTACTATTTCTAGAGATAATTCTAAAAATACTTTGTATTTGCAAATGAATTCTTTGAGAGCTGAAGATACTGCTGTGTATTATTGTGCTTGGAATTCTTCTGCTGCTTCTGATCCTTCTAATGTGGCTGAATATTCTGGTTGGGGTCAAGGTACTTTGGTGACTGTGTCTgGTTCagagaccCaaggacaatagctcgacgattgaaggtagatacccatacg,
C6,design_1_20_dldesign_0,TTCTATCGCTGCTAAGGAAGAAGGTGTTCAATTGGACAAGAGAGAAGCTGGGTCTCAACGCACAAGTGCAATTGGTGGAATCTGGTGGTGGTTTGGTGCAACCTGGTGGTTCTTTGAGATTGTCTTGTGCTGCTACTGGTTCTGGTTCTTTGGGTTGGTTTAGACAAGCTCCTGGTCAAGGTTTGGAAGCTGTGGCTGCTATGTCTGCTGATGGTTCTGGTACTTATTATGCTGATTCTGTGAAAGGTAGATTTACTATTTCTAGAGATAATTCTAAAAATACTTTGTATTTGCAAATGAATTCTTTGAGAGCTGAAGATACTGCTGTGTATTATTGTGCTATTGGTTCTACTGATTCTATGTCTGCTGCTACTTATTCTGGTTGGGGTCAAGGTACTTTGGTGACTGTGTCTgGTTCagagaccCaaggacaatagctcgacgattgaaggtagatacccatacg,
D6,design_1_35_dldesign_0,TTCTATCGCTGCTAAGGAAGAAGGTGTTCAATTGGACAAGAGAGAAGCTGGGTCTCAACGCACAAGTGCAATTGGTGGAATCTGGTGGTGGTTTGGTGCAACCTGGTGGTTCTTTGAGATTGTCTTGTGCTGCTTCTGGTGATACTAAAGAAGGTTCTTTGGGTTGGTTTAGACAAGCTCCTGGTCAAGGTTTGGAAGCTGTGGCTGCTATTACTACTGCTGATGGTTCTGGTACTTATTATGCTGATTCTGTGAAAGGTAGATTTACTATTTCTAGAGATAATTCTAAAAATACTTTGTATTTGCAAATGAATTCTTTGAGAGCTGAAGATACTGCTGTGTATTATTGTGCTATTGGTGAAGGTAGATCTTTTACTGGTTGGGGTCAAGGTACTTTGGTGACTGTGTCTgGTTCagagaccCaaggacaatagctcgacgattgaaggtagatacccatacg,
E6,design_1_5_dldesign_0,TTCTATCGCTGCTAAGGAAGAAGGTGTTCAATTGGACAAGAGAGAAGCTGGGTCTCAACGCACAAGTGCAATTGGTGGAATCTGGTGGTGGTTTGGTGCAACCTGGTGGTTCTTTGAGATTGTCTTGTGCTGCTACTGGTCCTGGTTCTTTGGGTTGGTTTAGACAAGCTCCTGGTCAAGGTTTGGAAGCTGTGGCTGCTATTTCTGATGCTTCTGGTTCTGGTACTTATTATGCTGATTCTGTGAAAGGTAGATTTACTATTTCTAGAGATAATTCTAAAAATACTTTGTATTTGCAAATGAATTCTTTGAGAGCTGAAGATACTGCTGTGTATTATTGTGCTATTGGTGCTACTACTTCTTTGGATTTGACTGGTTGGGGTCAAGGTACTTTGGTGACTGTGTCTgGTTCagagaccCaaggacaatagctcgacgattgaaggtagatacccatacg,
F6,design_1_72_dldesign_0,TTCTATCGCTGCTAAGGAAGAAGGTGTTCAATTGGACAAGAGAGAAGCTGGGTCTCAACGCACAAGTGCAATTGGTGGAATCTGGTGGTGGTTTGGTGCAACCTGGTGGTTCTTTGAGATTGTCTTGTGCTGCTTCTGGTTTGTCTGATTTTGCTAATGGTTCTTTGGGTTGGTTTAGACAAGCTCCTGGTCAAGGTTTGGAAGCTGTGGCTGCTATTGCTGGTTCTACTGGTGGTACTTATTATGCTGATTCTGTGAAAGGTAGATTTACTATTTCTAGAGATAATTCTAAAAATACTTTGTATTTGCAAATGAATTCTTTGAGAGCTGAAGATACTGCTGTGTATTATTGTGCTTTGGGTGATGCTTCTTCTACTACTACTACTGGTTGGGGTCAAGGTACTTTGGTGACTGTGTCTgGTTCagagaccCaaggacaatagctcgacgattgaaggtagatacccatacg,
G6,design_1_74_dldesign_0,TTCTATCGCTGCTAAGGAAGAAGGTGTTCAATTGGACAAGAGAGAAGCTGGGTCTCAACGCACAAGTGCAATTGGTGGAATCTGGTGGTGGTTTGGTGCAACCTGGTGGTTCTTTGAGATTGTCTTGTGCTGCTACTGGTTCTGGTTCTTTGGGTTGGTTTAGACAAGCTCCTGGTCAAGGTTTGGAAGCTGTGGCTGCTTTGTCTTCTGGTACTTATTATGCTGATTCTGTGAAAGGTAGATTTACTATTTCTAGAGATAATTCTAAAAATACTTTGTATTTGCAAATGAATTCTTTGAGAGCTGAAGATACTGCTGTGTATTATTGTGCTATTGGTTCTTCTTCTGTGTTTACTGGTTGGGGTCAAGGTACTTTGGTGACTGTGTCTgGTTCagagaccCaaggacaatagctcgacgattgaaggtagatacccatacg,
H6,design_1_70_dldesign_0,TTCTATCGCTGCTAAGGAAGAAGGTGTTCAATTGGACAAGAGAGAAGCTGGGTCTCAACGCACAAGTGCAATTGGTGGAATCTGGTGGTGGTTTGGTGCAACCTGGTGGTTCTTTGAGATTGTCTTGTGCTGCTTCTGGTCCTACTAATGGTTCTTTGGGTTGGTTTAGACAAGCTCCTGGTCAAGGTTTGGAAGCTGTGGCTGCTATTTCTGATTTGTCTGGTTCTGGTACTTATTATGCTGATTCTGTGAAAGGTAGATTTACTATTTCTAGAGATAATTCTAAAAATACTTTGTATTTGCAAATGAATTCTTTGAGAGCTGAAGATACTGCTGTGTATTATTGTGCTATGGGTTCTGCTGGTTGGTTTACTGGTTGGGGTCAAGGTACTTTGGTGACTGTGTCTgGTTCagagaccCaaggacaatagctcgacgattgaaggtagatacccatacg,
