gene	uniprot	antigen_catalog	antigen_url	antigen_is_biotinylated	molecular_weight_kda	accession	vendor_range	pdb_id	entity_id	auth_chain	identity	coverage	intersection	u_range	resolution_A	method	release_date	subunit_name	chain_ranges	mutations
ACE2	Q9BYF1	10108-H27B-B	https://www.sinobiological.com/search?keywords=10108-H27B-B	True	86.86	NP_068576.1	1-740	1R42	1	A	1.000	0.831	1-615	1-615	2.20	X-RAY DIFFRACTION	2004-02-03	angiotensin I converting enzyme 2
ACE2	Q9BYF1	10108-H27B-B	https://www.sinobiological.com/search?keywords=10108-H27B-B	True	86.86	NP_068576.1	1-740	1R4L	1	A	1.000	0.831	1-615	1-615	3.00	X-RAY DIFFRACTION	2004-02-03	angiotensin I converting enzyme 2
ACE2	Q9BYF1	10108-H27B-B	https://www.sinobiological.com/search?keywords=10108-H27B-B	True	86.86	NP_068576.1	1-740	2AJF	1	A	1.000	0.807	19-615	19-615	2.90	X-RAY DIFFRACTION	2005-09-20	Angiotensin-converting enzyme-Related Carboxypeptidase (Ace2)
ACE2	Q9BYF1	10108-H27B-B	https://www.sinobiological.com/search?keywords=10108-H27B-B	True	86.86	NP_068576.1	1-740	3D0G	1	A	0.985	0.807	19-615	19-615	2.80	X-RAY DIFFRACTION	2008-07-08	Angiotensin-converting enzyme 2
ACE2	Q9BYF1	10108-H27B-B	https://www.sinobiological.com/search?keywords=10108-H27B-B	True	86.86	NP_068576.1	1-740	3D0H	1	A	0.985	0.807	19-615	19-615	3.10	X-RAY DIFFRACTION	2008-07-08	Angiotensin-converting enzyme 2
ACE2	Q9BYF1	10108-H27B-B	https://www.sinobiological.com/search?keywords=10108-H27B-B	True	86.86	NP_068576.1	1-740	3D0I	1	A	0.985	0.807	19-615	19-615	2.90	X-RAY DIFFRACTION	2008-07-08	Angiotensin-converting enzyme 2
ACE2	Q9BYF1	10108-H27B-B	https://www.sinobiological.com/search?keywords=10108-H27B-B	True	86.86	NP_068576.1	1-740	3KBH	1	A	1.000	0.807	19-615	19-615	3.31	X-RAY DIFFRACTION	2009-12-15	Angiotensin-converting enzyme 2
ACE2	Q9BYF1	10108-H27B-B	https://www.sinobiological.com/search?keywords=10108-H27B-B	True	86.86	NP_068576.1	1-740	3SCI	1	A	1.000	0.807	19-615	19-615	2.90	X-RAY DIFFRACTION	2012-02-08	Angiotensin-converting enzyme 2
ACE2	Q9BYF1	10108-H27B-B	https://www.sinobiological.com/search?keywords=10108-H27B-B	True	86.86	NP_068576.1	1-740	3SCJ	1	A	1.000	0.807	19-615	19-615	3.00	X-RAY DIFFRACTION	2012-02-08	Angiotensin-converting enzyme 2
ACE2	Q9BYF1	10108-H27B-B	https://www.sinobiological.com/search?keywords=10108-H27B-B	True	86.86	NP_068576.1	1-740	3SCK	1	A	0.983	0.807	19-615	19-615	3.00	X-RAY DIFFRACTION	2012-02-08	Angiotensin-converting enzyme 2 chimera
ACE2	Q9BYF1	10108-H27B-B	https://www.sinobiological.com/search?keywords=10108-H27B-B	True	86.86	NP_068576.1	1-740	3SCL	1	A	0.983	0.807	19-615	19-615	3.00	X-RAY DIFFRACTION	2012-02-08	Angiotensin-converting enzyme 2 chimera
ACE2	Q9BYF1	10108-H27B-B	https://www.sinobiological.com/search?keywords=10108-H27B-B	True	86.86	NP_068576.1	1-740	6ACG	2	D	1.000	0.807	19-615	19-615	5.40	ELECTRON MICROSCOPY	2018-08-08	Angiotensin-converting enzyme 2
ACE2	Q9BYF1	10108-H27B-B	https://www.sinobiological.com/search?keywords=10108-H27B-B	True	86.86	NP_068576.1	1-740	6ACJ	2	D	1.000	0.807	19-615	19-615	4.20	ELECTRON MICROSCOPY	2018-08-08	Angiotensin-converting enzyme 2
ACE2	Q9BYF1	10108-H27B-B	https://www.sinobiological.com/search?keywords=10108-H27B-B	True	86.86	NP_068576.1	1-740	6ACK	2	D	1.000	0.807	19-615	19-615	4.50	ELECTRON MICROSCOPY	2018-08-08	Angiotensin-converting enzyme 2
ACE2	Q9BYF1	10108-H27B-B	https://www.sinobiological.com/search?keywords=10108-H27B-B	True	86.86	NP_068576.1	1-740	6CS2	2	D	0.995	0.814	19-620	19-620	4.40	ELECTRON MICROSCOPY	2018-04-11	Angiotensin-converting enzyme 2
ACE2	Q9BYF1	10108-H27B-B	https://www.sinobiological.com/search?keywords=10108-H27B-B	True	86.86	NP_068576.1	1-740	6LZG	1	A	1.000	0.805	19-614	19-614	2.50	X-RAY DIFFRACTION	2020-03-18	Angiotensin-converting enzyme 2
ACE2	Q9BYF1	10108-H27B-B	https://www.sinobiological.com/search?keywords=10108-H27B-B	True	86.86	NP_068576.1	1-740	6M0J	1	A	1.000	0.807	19-615	19-615	2.45	X-RAY DIFFRACTION	2020-03-18	Angiotensin-converting enzyme 2
ACE2	Q9BYF1	10108-H27B-B	https://www.sinobiological.com/search?keywords=10108-H27B-B	True	86.86	NP_068576.1	1-740	6M17	2	B	1.000	0.977	18-740	18-740	2.90	ELECTRON MICROSCOPY	2020-03-11	Angiotensin-converting enzyme 2
ACE2	Q9BYF1	10108-H27B-B	https://www.sinobiological.com/search?keywords=10108-H27B-B	True	86.86	NP_068576.1	1-740	6M18	2	B	1.000	0.977	18-740	18-740	2.90	ELECTRON MICROSCOPY	2020-03-11	Angiotensin-converting enzyme 2
ACE2	Q9BYF1	10108-H27B-B	https://www.sinobiological.com/search?keywords=10108-H27B-B	True	86.86	NP_068576.1	1-740	6M1D	2	B	1.000	0.977	18-740	18-740	4.50	ELECTRON MICROSCOPY	2020-03-11	Angiotensin-converting enzyme 2
ACE2	Q9BYF1	10108-H27B-B	https://www.sinobiological.com/search?keywords=10108-H27B-B	True	86.86	NP_068576.1	1-740	6VW1	1	A	1.000	0.807	19-615	19-615	2.68	X-RAY DIFFRACTION	2020-03-04	Angiotensin-converting enzyme 2
ACE2	Q9BYF1	10108-H27B-B	https://www.sinobiological.com/search?keywords=10108-H27B-B	True	86.86	NP_068576.1	1-740	7A91	1	D	0.987	0.823	6-615	6-615	3.60	ELECTRON MICROSCOPY	2020-09-16	Angiotensin-converting enzyme 2
ACE2	Q9BYF1	10108-H27B-B	https://www.sinobiological.com/search?keywords=10108-H27B-B	True	86.86	NP_068576.1	1-740	7A92	1	D	0.987	0.823	6-615	6-615	4.20	ELECTRON MICROSCOPY	2020-09-30	Angiotensin-converting enzyme 2
ACE2	Q9BYF1	10108-H27B-B	https://www.sinobiological.com/search?keywords=10108-H27B-B	True	86.86	NP_068576.1	1-740	7A94	2	D	0.987	0.823	6-615	6-615	3.90	ELECTRON MICROSCOPY	2020-09-16	Angiotensin-converting enzyme 2
ACE2	Q9BYF1	10108-H27B-B	https://www.sinobiological.com/search?keywords=10108-H27B-B	True	86.86	NP_068576.1	1-740	7A95	2	D	0.987	0.823	6-615	6-615	4.30	ELECTRON MICROSCOPY	2020-09-16	Angiotensin-converting enzyme 2
ACE2	Q9BYF1	10108-H27B-B	https://www.sinobiological.com/search?keywords=10108-H27B-B	True	86.86	NP_068576.1	1-740	7A96	2	D	0.987	0.823	6-615	6-615	4.80	ELECTRON MICROSCOPY	2020-09-16	Angiotensin-converting enzyme 2
ACE2	Q9BYF1	10108-H27B-B	https://www.sinobiological.com/search?keywords=10108-H27B-B	True	86.86	NP_068576.1	1-740	7A97	2	D	0.987	0.823	6-615	6-615	4.40	ELECTRON MICROSCOPY	2020-09-16	Angiotensin-converting enzyme 2
ACE2	Q9BYF1	10108-H27B-B	https://www.sinobiological.com/search?keywords=10108-H27B-B	True	86.86	NP_068576.1	1-740	7A98	2	D	0.987	0.823	6-615	6-615	5.40	ELECTRON MICROSCOPY	2020-09-23	Angiotensin-converting enzyme 2
ACE2	Q9BYF1	10108-H27B-B	https://www.sinobiological.com/search?keywords=10108-H27B-B	True	86.86	NP_068576.1	1-740	7BH9	1	A	1.000	0.807	19-615	19-615	2.90	ELECTRON MICROSCOPY	2021-02-17	Angiotensin-converting enzyme 2
ACE2	Q9BYF1	10108-H27B-B	https://www.sinobiological.com/search?keywords=10108-H27B-B	True	86.86	NP_068576.1	1-740	7CT5	2	D	0.998	0.809	19-617	19-617	4.00	ELECTRON MICROSCOPY	2020-11-18	Angiotensin-converting enzyme 2
ACE2	Q9BYF1	10108-H27B-B	https://www.sinobiological.com/search?keywords=10108-H27B-B	True	86.86	NP_068576.1	1-740	7DDO	1	A	1.000	0.807	19-615	19-615	3.40	ELECTRON MICROSCOPY	2021-05-19	Angiotensin-converting enzyme 2
ACE2	Q9BYF1	10108-H27B-B	https://www.sinobiological.com/search?keywords=10108-H27B-B	True	86.86	NP_068576.1	1-740	7DDP	1	A	1.000	0.807	19-615	19-615	3.40	ELECTRON MICROSCOPY	2021-05-19	Angiotensin-converting enzyme 2
ACE2	Q9BYF1	10108-H27B-B	https://www.sinobiological.com/search?keywords=10108-H27B-B	True	86.86	NP_068576.1	1-740	7DF4	1	A	0.984	0.831	1-615	1-615	3.80	ELECTRON MICROSCOPY	2020-12-16	Angiotensin-converting enzyme 2
ACE2	Q9BYF1	10108-H27B-B	https://www.sinobiological.com/search?keywords=10108-H27B-B	True	86.86	NP_068576.1	1-740	7DMU	1	A	0.987	0.811	18-617	18-617	3.20	X-RAY DIFFRACTION	2020-12-23	Angiotensin-converting enzyme 2
ACE2	Q9BYF1	10108-H27B-B	https://www.sinobiological.com/search?keywords=10108-H27B-B	True	86.86	NP_068576.1	1-740	7DQA	1	A	1.000	1.000	1-740	1-740	2.80	ELECTRON MICROSCOPY	2021-12-29	Angiotensin-converting enzyme 2
ACE2	Q9BYF1	10108-H27B-B	https://www.sinobiological.com/search?keywords=10108-H27B-B	True	86.86	NP_068576.1	1-740	7DRV	1	A	1.000	0.805	19-614	19-614	3.09	X-RAY DIFFRACTION	2021-08-25	Angiotensin-converting enzyme 2
ACE2	Q9BYF1	10108-H27B-B	https://www.sinobiological.com/search?keywords=10108-H27B-B	True	86.86	NP_068576.1	1-740	7DWX	2	B	1.000	0.977	18-740	18-740	8.30	ELECTRON MICROSCOPY	2021-03-31	Angiotensin-converting enzyme 2
ACE2	Q9BYF1	10108-H27B-B	https://www.sinobiological.com/search?keywords=10108-H27B-B	True	86.86	NP_068576.1	1-740	7DX4	1	A	1.000	0.807	19-615	19-615	3.60	ELECTRON MICROSCOPY	2021-04-21	Angiotensin-converting enzyme 2
ACE2	Q9BYF1	10108-H27B-B	https://www.sinobiological.com/search?keywords=10108-H27B-B	True	86.86	NP_068576.1	1-740	7DX5	2	D	1.000	0.977	18-740	18-740	3.30	ELECTRON MICROSCOPY	2021-03-31	Angiotensin-converting enzyme 2
ACE2	Q9BYF1	10108-H27B-B	https://www.sinobiological.com/search?keywords=10108-H27B-B	True	86.86	NP_068576.1	1-740	7DX6	2	D	1.000	0.977	18-740	18-740	3.00	ELECTRON MICROSCOPY	2021-03-31	Angiotensin-converting enzyme 2
ACE2	Q9BYF1	10108-H27B-B	https://www.sinobiological.com/search?keywords=10108-H27B-B	True	86.86	NP_068576.1	1-740	7DX7	2	D	1.000	0.977	18-740	18-740	3.40	ELECTRON MICROSCOPY	2021-03-31	Angiotensin-converting enzyme 2
ACE2	Q9BYF1	10108-H27B-B	https://www.sinobiological.com/search?keywords=10108-H27B-B	True	86.86	NP_068576.1	1-740	7DX8	2	D	1.000	0.977	18-740	18-740	2.90	ELECTRON MICROSCOPY	2021-03-31	Angiotensin-converting enzyme 2
ACE2	Q9BYF1	10108-H27B-B	https://www.sinobiological.com/search?keywords=10108-H27B-B	True	86.86	NP_068576.1	1-740	7DX9	2	D	1.000	0.977	18-740	18-740	3.60	ELECTRON MICROSCOPY	2021-03-31	Angiotensin-converting enzyme 2
ACE2	Q9BYF1	10108-H27B-B	https://www.sinobiological.com/search?keywords=10108-H27B-B	True	86.86	NP_068576.1	1-740	7E7E	1	A	1.000	0.808	18-615	18-615	3.80	X-RAY DIFFRACTION	2021-07-14	Processed angiotensin-converting enzyme 2
ACE2	Q9BYF1	10108-H27B-B	https://www.sinobiological.com/search?keywords=10108-H27B-B	True	86.86	NP_068576.1	1-740	7EDJ	2	I	0.998	0.834	1-617	1-617	3.30	ELECTRON MICROSCOPY	2021-09-01	Angiotensin-converting enzyme 2 (ACE2) ectodomain
ACE2	Q9BYF1	10108-H27B-B	https://www.sinobiological.com/search?keywords=10108-H27B-B	True	86.86	NP_068576.1	1-740	7EFP	1	A	0.995	0.809	17-615	17-615	2.70	X-RAY DIFFRACTION	2021-11-24	Processed angiotensin-converting enzyme 2
ACE2	Q9BYF1	10108-H27B-B	https://www.sinobiological.com/search?keywords=10108-H27B-B	True	86.86	NP_068576.1	1-740	7EFR	1	A	0.995	0.809	17-615	17-615	2.49	X-RAY DIFFRACTION	2021-11-24	Processed angiotensin-converting enzyme 2
ACE2	Q9BYF1	10108-H27B-B	https://www.sinobiological.com/search?keywords=10108-H27B-B	True	86.86	NP_068576.1	1-740	7EKC	1	A	1.000	0.807	19-615	19-615	2.80	X-RAY DIFFRACTION	2021-11-03	Angiotensin-converting enzyme 2
ACE2	Q9BYF1	10108-H27B-B	https://www.sinobiological.com/search?keywords=10108-H27B-B	True	86.86	NP_068576.1	1-740	7EKE	1	A	1.000	0.807	19-615	19-615	2.70	X-RAY DIFFRACTION	2021-11-03	Angiotensin-converting enzyme 2
ACE2	Q9BYF1	10108-H27B-B	https://www.sinobiological.com/search?keywords=10108-H27B-B	True	86.86	NP_068576.1	1-740	7EKF	1	A	1.000	0.807	19-615	19-615	2.85	X-RAY DIFFRACTION	2021-11-03	Angiotensin-converting enzyme 2
ACE2	Q9BYF1	10108-H27B-B	https://www.sinobiological.com/search?keywords=10108-H27B-B	True	86.86	NP_068576.1	1-740	7EKG	1	A	1.000	0.807	19-615	19-615	2.63	X-RAY DIFFRACTION	2021-11-03	Angiotensin-converting enzyme 2
ACE2	Q9BYF1	10108-H27B-B	https://www.sinobiological.com/search?keywords=10108-H27B-B	True	86.86	NP_068576.1	1-740	7EKH	1	A	1.000	0.807	19-615	19-615	2.40	X-RAY DIFFRACTION	2021-11-03	Angiotensin-converting enzyme 2
ACE2	Q9BYF1	10108-H27B-B	https://www.sinobiological.com/search?keywords=10108-H27B-B	True	86.86	NP_068576.1	1-740	7FDG	1	A	1.000	0.831	1-615	1-615	3.69	ELECTRON MICROSCOPY	2021-08-25	Angiotensin-converting enzyme 2
ACE2	Q9BYF1	10108-H27B-B	https://www.sinobiological.com/search?keywords=10108-H27B-B	True	86.86	NP_068576.1	1-740	7FDH	1	A	1.000	0.831	1-615	1-615	3.72	ELECTRON MICROSCOPY	2021-08-25	Angiotensin-converting enzyme 2
ACE2	Q9BYF1	10108-H27B-B	https://www.sinobiological.com/search?keywords=10108-H27B-B	True	86.86	NP_068576.1	1-740	7FDI	1	A	1.000	0.831	1-615	1-615	3.12	ELECTRON MICROSCOPY	2021-08-25	Angiotensin-converting enzyme 2
ACE2	Q9BYF1	10108-H27B-B	https://www.sinobiological.com/search?keywords=10108-H27B-B	True	86.86	NP_068576.1	1-740	7FEM	2	D	1.000	0.977	18-740	18-740	4.10	ELECTRON MICROSCOPY	2021-12-15	Angiotensin-converting enzyme 2
ACE2	Q9BYF1	10108-H27B-B	https://www.sinobiological.com/search?keywords=10108-H27B-B	True	86.86	NP_068576.1	1-740	7KJ2	2	D	1.000	0.818	11-615	11-615	3.60	ELECTRON MICROSCOPY	2020-11-11	Angiotensin-converting enzyme 2
ACE2	Q9BYF1	10108-H27B-B	https://www.sinobiological.com/search?keywords=10108-H27B-B	True	86.86	NP_068576.1	1-740	7KJ3	2	D	1.000	0.818	11-615	11-615	3.70	ELECTRON MICROSCOPY	2020-11-11	Angiotensin-converting enzyme 2
ACE2	Q9BYF1	10108-H27B-B	https://www.sinobiological.com/search?keywords=10108-H27B-B	True	86.86	NP_068576.1	1-740	7KJ4	2	D	1.000	0.818	11-615	11-615	3.40	ELECTRON MICROSCOPY	2020-11-11	Angiotensin-converting enzyme 2
ACE2	Q9BYF1	10108-H27B-B	https://www.sinobiological.com/search?keywords=10108-H27B-B	True	86.86	NP_068576.1	1-740	7KMB	1	F	1.000	0.807	19-615	19-615	3.39	ELECTRON MICROSCOPY	2020-12-09	Angiotensin-converting enzyme 2
ACE2	Q9BYF1	10108-H27B-B	https://www.sinobiological.com/search?keywords=10108-H27B-B	True	86.86	NP_068576.1	1-740	7KMS	1	D	1.000	0.807	19-615	19-615	3.64	ELECTRON MICROSCOPY	2020-12-09	Angiotensin-converting enzyme 2
ACE2	Q9BYF1	10108-H27B-B	https://www.sinobiological.com/search?keywords=10108-H27B-B	True	86.86	NP_068576.1	1-740	7KMZ	2	D	1.000	0.807	19-615	19-615	3.62	ELECTRON MICROSCOPY	2020-12-09	Angiotensin-converting enzyme 2
ACE2	Q9BYF1	10108-H27B-B	https://www.sinobiological.com/search?keywords=10108-H27B-B	True	86.86	NP_068576.1	1-740	7KNB	2	D	1.000	0.807	19-615	19-615	3.93	ELECTRON MICROSCOPY	2020-12-09	Angiotensin-converting enzyme 2
ACE2	Q9BYF1	10108-H27B-B	https://www.sinobiological.com/search?keywords=10108-H27B-B	True	86.86	NP_068576.1	1-740	7KNE	2	D	1.000	0.807	19-615	19-615	3.85	ELECTRON MICROSCOPY	2020-12-16	Angiotensin-converting enzyme 2
ACE2	Q9BYF1	10108-H27B-B	https://www.sinobiological.com/search?keywords=10108-H27B-B	True	86.86	NP_068576.1	1-740	7KNH	2	D	1.000	0.807	19-615	19-615	3.74	ELECTRON MICROSCOPY	2020-12-16	Angiotensin-converting enzyme 2
ACE2	Q9BYF1	10108-H27B-B	https://www.sinobiological.com/search?keywords=10108-H27B-B	True	86.86	NP_068576.1	1-740	7KNI	2	D	1.000	0.807	19-615	19-615	3.91	ELECTRON MICROSCOPY	2020-12-16	Angiotensin-converting enzyme 2
ACE2	Q9BYF1	10108-H27B-B	https://www.sinobiological.com/search?keywords=10108-H27B-B	True	86.86	NP_068576.1	1-740	7L0N	5	E	1.000	0.807	19-615	19-615	2.78	X-RAY DIFFRACTION	2021-02-17	Angiotensin-converting enzyme 2
ACE2	Q9BYF1	10108-H27B-B	https://www.sinobiological.com/search?keywords=10108-H27B-B	True	86.86	NP_068576.1	1-740	7L7F	1	B	1.000	1.000	1-740	1-740	3.24	ELECTRON MICROSCOPY	2021-02-24	Angiotensin-converting enzyme 2
ACE2	Q9BYF1	10108-H27B-B	https://www.sinobiological.com/search?keywords=10108-H27B-B	True	86.86	NP_068576.1	1-740	7LO4	1	A	1.000	0.805	19-614	19-614	2.46	X-RAY DIFFRACTION	2021-03-31	Processed angiotensin-converting enzyme 2
ACE2	Q9BYF1	10108-H27B-B	https://www.sinobiological.com/search?keywords=10108-H27B-B	True	86.86	NP_068576.1	1-740	7MJM	2	D	1.000	0.808	18-615	18-615	2.83	ELECTRON MICROSCOPY	2021-05-12	Processed angiotensin-converting enzyme 2
ACE2	Q9BYF1	10108-H27B-B	https://www.sinobiological.com/search?keywords=10108-H27B-B	True	86.86	NP_068576.1	1-740	7MJN	2	E	1.000	0.808	18-615	18-615	3.29	ELECTRON MICROSCOPY	2021-05-12	Processed angiotensin-converting enzyme 2
ACE2	Q9BYF1	10108-H27B-B	https://www.sinobiological.com/search?keywords=10108-H27B-B	True	86.86	NP_068576.1	1-740	7NXC	1	A	0.998	0.808	19-616	19-616	3.14	X-RAY DIFFRACTION	2021-04-07	Processed angiotensin-converting enzyme 2
ACE2	Q9BYF1	10108-H27B-B	https://www.sinobiological.com/search?keywords=10108-H27B-B	True	86.86	NP_068576.1	1-740	7P19	1	A	1.000	0.807	19-615	19-615	3.24	X-RAY DIFFRACTION	2022-07-13	Processed angiotensin-converting enzyme 2
ACE2	Q9BYF1	10108-H27B-B	https://www.sinobiological.com/search?keywords=10108-H27B-B	True	86.86	NP_068576.1	1-740	7P55	1	A	1.000	0.030	21-42	21-42		SOLUTION NMR	2022-07-27	Processed angiotensin-converting enzyme 2
ACE2	Q9BYF1	10108-H27B-B	https://www.sinobiological.com/search?keywords=10108-H27B-B	True	86.86	NP_068576.1	1-740	7P8I	1	A	1.000	0.807	19-615	19-615	4.50	X-RAY DIFFRACTION	2022-08-03	Processed angiotensin-converting enzyme 2
ACE2	Q9BYF1	10108-H27B-B	https://www.sinobiological.com/search?keywords=10108-H27B-B	True	86.86	NP_068576.1	1-740	7P8J	1	A	1.000	0.807	19-615	19-615	6.58	X-RAY DIFFRACTION	2022-08-03	Processed angiotensin-converting enzyme 2
ACE2	Q9BYF1	10108-H27B-B	https://www.sinobiological.com/search?keywords=10108-H27B-B	True	86.86	NP_068576.1	1-740	7PKI	1	A	1.000	0.805	19-614	19-614	2.94	X-RAY DIFFRACTION	2022-01-19	Processed angiotensin-converting enzyme 2
ACE2	Q9BYF1	10108-H27B-B	https://www.sinobiological.com/search?keywords=10108-H27B-B	True	86.86	NP_068576.1	1-740	7R0Z	1	D	0.987	0.823	6-615	6-615	3.50	ELECTRON MICROSCOPY	2022-03-09	Angiotensin-converting enzyme 2
ACE2	Q9BYF1	10108-H27B-B	https://www.sinobiological.com/search?keywords=10108-H27B-B	True	86.86	NP_068576.1	1-740	7R10	1	D	0.987	0.823	6-615	6-615	4.00	ELECTRON MICROSCOPY	2022-03-02	Angiotensin-converting enzyme 2
ACE2	Q9BYF1	10108-H27B-B	https://www.sinobiological.com/search?keywords=10108-H27B-B	True	86.86	NP_068576.1	1-740	7R11	1	D	0.987	0.823	6-615	6-615	3.50	ELECTRON MICROSCOPY	2022-03-09	Angiotensin-converting enzyme 2
ACE2	Q9BYF1	10108-H27B-B	https://www.sinobiological.com/search?keywords=10108-H27B-B	True	86.86	NP_068576.1	1-740	7R12	1	D	0.987	0.823	6-615	6-615	3.30	ELECTRON MICROSCOPY	2022-03-09	Angiotensin-converting enzyme 2
ACE2	Q9BYF1	10108-H27B-B	https://www.sinobiological.com/search?keywords=10108-H27B-B	True	86.86	NP_068576.1	1-740	7R1A	2	D	0.987	0.823	6-615	6-615	3.90	ELECTRON MICROSCOPY	2022-03-02	Angiotensin-converting enzyme 2
ACE2	Q9BYF1	10108-H27B-B	https://www.sinobiological.com/search?keywords=10108-H27B-B	True	86.86	NP_068576.1	1-740	7RPV	1	A	0.992	0.807	19-615	19-615	3.54	X-RAY DIFFRACTION	2021-12-15	Processed angiotensin-converting enzyme 2
ACE2	Q9BYF1	10108-H27B-B	https://www.sinobiological.com/search?keywords=10108-H27B-B	True	86.86	NP_068576.1	1-740	7SN0	1	A	1.000	0.831	1-615	1-615	3.08	X-RAY DIFFRACTION	2021-12-08	Angiotensin-converting enzyme 2
ACE2	Q9BYF1	10108-H27B-B	https://www.sinobiological.com/search?keywords=10108-H27B-B	True	86.86	NP_068576.1	1-740	7SXX	2	E	1.000	0.808	18-615	18-615	2.66	ELECTRON MICROSCOPY	2021-12-29	Processed angiotensin-converting enzyme 2
ACE2	Q9BYF1	10108-H27B-B	https://www.sinobiological.com/search?keywords=10108-H27B-B	True	86.86	NP_068576.1	1-740	7SXY	2	E	1.000	0.808	18-615	18-615	2.79	ELECTRON MICROSCOPY	2021-12-29	Processed angiotensin-converting enzyme 2
ACE2	Q9BYF1	10108-H27B-B	https://www.sinobiological.com/search?keywords=10108-H27B-B	True	86.86	NP_068576.1	1-740	7SXZ	2	E	1.000	0.808	18-615	18-615	2.61	ELECTRON MICROSCOPY	2021-12-29	Processed angiotensin-converting enzyme 2
ACE2	Q9BYF1	10108-H27B-B	https://www.sinobiological.com/search?keywords=10108-H27B-B	True	86.86	NP_068576.1	1-740	7SY0	2	E	1.000	0.808	18-615	18-615	3.00	ELECTRON MICROSCOPY	2021-12-29	Processed angiotensin-converting enzyme 2
ACE2	Q9BYF1	10108-H27B-B	https://www.sinobiological.com/search?keywords=10108-H27B-B	True	86.86	NP_068576.1	1-740	7SY1	2	E	1.000	0.808	18-615	18-615	2.83	ELECTRON MICROSCOPY	2021-12-29	Processed angiotensin-converting enzyme 2
ACE2	Q9BYF1	10108-H27B-B	https://www.sinobiological.com/search?keywords=10108-H27B-B	True	86.86	NP_068576.1	1-740	7SY2	2	E	1.000	0.808	18-615	18-615	3.11	ELECTRON MICROSCOPY	2021-12-29	Processed angiotensin-converting enzyme 2
ACE2	Q9BYF1	10108-H27B-B	https://www.sinobiological.com/search?keywords=10108-H27B-B	True	86.86	NP_068576.1	1-740	7SY3	2	E	1.000	0.808	18-615	18-615	2.95	ELECTRON MICROSCOPY	2021-12-29	Processed angiotensin-converting enzyme 2
ACE2	Q9BYF1	10108-H27B-B	https://www.sinobiological.com/search?keywords=10108-H27B-B	True	86.86	NP_068576.1	1-740	7SY4	2	E	1.000	0.808	18-615	18-615	3.35	ELECTRON MICROSCOPY	2021-12-29	Processed angiotensin-converting enzyme 2
ACE2	Q9BYF1	10108-H27B-B	https://www.sinobiological.com/search?keywords=10108-H27B-B	True	86.86	NP_068576.1	1-740	7SY5	2	D	1.000	0.808	18-615	18-615	2.59	ELECTRON MICROSCOPY	2021-12-29	Processed angiotensin-converting enzyme 2
ACE2	Q9BYF1	10108-H27B-B	https://www.sinobiological.com/search?keywords=10108-H27B-B	True	86.86	NP_068576.1	1-740	7SY6	2	E	1.000	0.808	18-615	18-615	2.81	ELECTRON MICROSCOPY	2021-12-29	Processed angiotensin-converting enzyme 2
ACE2	Q9BYF1	10108-H27B-B	https://www.sinobiological.com/search?keywords=10108-H27B-B	True	86.86	NP_068576.1	1-740	7SY7	2	E	1.000	0.808	18-615	18-615	2.81	ELECTRON MICROSCOPY	2021-12-29	Processed angiotensin-converting enzyme 2
ACE2	Q9BYF1	10108-H27B-B	https://www.sinobiological.com/search?keywords=10108-H27B-B	True	86.86	NP_068576.1	1-740	7SY8	2	E	1.000	0.808	18-615	18-615	3.14	ELECTRON MICROSCOPY	2021-12-29	Processed angiotensin-converting enzyme 2
ACE2	Q9BYF1	10108-H27B-B	https://www.sinobiological.com/search?keywords=10108-H27B-B	True	86.86	NP_068576.1	1-740	7T9K	2	D	1.000	0.808	18-615	18-615	2.45	ELECTRON MICROSCOPY	2021-12-29	Processed angiotensin-converting enzyme 2
ACE2	Q9BYF1	10108-H27B-B	https://www.sinobiological.com/search?keywords=10108-H27B-B	True	86.86	NP_068576.1	1-740	7T9L	2	D	1.000	0.808	18-615	18-615	2.66	ELECTRON MICROSCOPY	2021-12-29	Processed angiotensin-converting enzyme 2
ACE2	Q9BYF1	10108-H27B-B	https://www.sinobiological.com/search?keywords=10108-H27B-B	True	86.86	NP_068576.1	1-740	7TEW	2	E	1.000	0.808	18-615	18-615	3.52	ELECTRON MICROSCOPY	2022-03-16	Processed angiotensin-converting enzyme 2
ACE2	Q9BYF1	10108-H27B-B	https://www.sinobiological.com/search?keywords=10108-H27B-B	True	86.86	NP_068576.1	1-740	7TEX	2	E	1.000	0.808	18-615	18-615	3.27	ELECTRON MICROSCOPY	2022-03-30	Processed angiotensin-converting enzyme 2
ACE2	Q9BYF1	10108-H27B-B	https://www.sinobiological.com/search?keywords=10108-H27B-B	True	86.86	NP_068576.1	1-740	7TEZ	2	E	1.000	0.808	18-615	18-615	3.27	ELECTRON MICROSCOPY	2022-03-16	Processed angiotensin-converting enzyme 2
ACE2	Q9BYF1	10108-H27B-B	https://www.sinobiological.com/search?keywords=10108-H27B-B	True	86.86	NP_068576.1	1-740	7TF0	2	E	1.000	0.808	18-615	18-615	3.02	ELECTRON MICROSCOPY	2022-03-30	Processed angiotensin-converting enzyme 2
ACE2	Q9BYF1	10108-H27B-B	https://www.sinobiological.com/search?keywords=10108-H27B-B	True	86.86	NP_068576.1	1-740	7TN0	3	E	1.000	0.807	19-615	19-615	2.85	X-RAY DIFFRACTION	2022-02-02	Angiotensin-converting enzyme 2
ACE2	Q9BYF1	10108-H27B-B	https://www.sinobiological.com/search?keywords=10108-H27B-B	True	86.86	NP_068576.1	1-740	7U0N	1	A	1.000	0.807	19-615	19-615	2.61	X-RAY DIFFRACTION	2022-03-30	Angiotensin-converting enzyme 2
ACE2	Q9BYF1	10108-H27B-B	https://www.sinobiological.com/search?keywords=10108-H27B-B	True	86.86	NP_068576.1	1-740	7UFK	1	A	1.000	0.807	19-615	19-615	2.38	X-RAY DIFFRACTION	2022-10-19	Angiotensin-converting enzyme 2
ACE2	Q9BYF1	10108-H27B-B	https://www.sinobiological.com/search?keywords=10108-H27B-B	True	86.86	NP_068576.1	1-740	7UFL	1	A	0.955	0.807	19-615	19-615	2.84	X-RAY DIFFRACTION	2022-10-19	Angiotensin-converting enzyme 2
ACE2	Q9BYF1	10108-H27B-B	https://www.sinobiological.com/search?keywords=10108-H27B-B	True	86.86	NP_068576.1	1-740	7V61	2	B	1.000	0.977	18-740	18-740	3.20	ELECTRON MICROSCOPY	2022-06-22	Angiotensin-converting enzyme 2
ACE2	Q9BYF1	10108-H27B-B	https://www.sinobiological.com/search?keywords=10108-H27B-B	True	86.86	NP_068576.1	1-740	7V7Z	2	D	0.998	0.834	1-617	1-617	3.10	ELECTRON MICROSCOPY	2021-10-06	Angiotensin-converting enzyme 2,Green fluorescent protein
ACE2	Q9BYF1	10108-H27B-B	https://www.sinobiological.com/search?keywords=10108-H27B-B	True	86.86	NP_068576.1	1-740	7V80	2	F	0.998	0.834	1-617	1-617	3.90	ELECTRON MICROSCOPY	2021-10-06	Angiotensin-converting enzyme 2,Green fluorescent protein
ACE2	Q9BYF1	10108-H27B-B	https://www.sinobiological.com/search?keywords=10108-H27B-B	True	86.86	NP_068576.1	1-740	7V81	2	D	0.998	0.834	1-617	1-617	3.20	ELECTRON MICROSCOPY	2021-10-06	Angiotensin-converting enzyme 2,Green fluorescent protein
ACE2	Q9BYF1	10108-H27B-B	https://www.sinobiological.com/search?keywords=10108-H27B-B	True	86.86	NP_068576.1	1-740	7V82	2	D	0.998	0.834	1-617	1-617	2.80	ELECTRON MICROSCOPY	2021-10-06	Angiotensin-converting enzyme 2,Green fluorescent protein
ACE2	Q9BYF1	10108-H27B-B	https://www.sinobiological.com/search?keywords=10108-H27B-B	True	86.86	NP_068576.1	1-740	7V83	2	D	0.998	0.834	1-617	1-617	2.80	ELECTRON MICROSCOPY	2021-10-06	Angiotensin-converting enzyme 2,Green fluorescent protein
ACE2	Q9BYF1	10108-H27B-B	https://www.sinobiological.com/search?keywords=10108-H27B-B	True	86.86	NP_068576.1	1-740	7V84	2	F	0.998	0.834	1-617	1-617	3.00	ELECTRON MICROSCOPY	2021-10-06	Angiotensin-converting enzyme 2,Green fluorescent protein
ACE2	Q9BYF1	10108-H27B-B	https://www.sinobiological.com/search?keywords=10108-H27B-B	True	86.86	NP_068576.1	1-740	7V85	2	F	0.998	0.834	1-617	1-617	3.30	ELECTRON MICROSCOPY	2021-10-06	Angiotensin-converting enzyme 2,Green fluorescent protein
ACE2	Q9BYF1	10108-H27B-B	https://www.sinobiological.com/search?keywords=10108-H27B-B	True	86.86	NP_068576.1	1-740	7V86	2	F	0.998	0.834	1-617	1-617	2.80	ELECTRON MICROSCOPY	2021-10-06	Angiotensin-converting enzyme 2,Green fluorescent protein
ACE2	Q9BYF1	10108-H27B-B	https://www.sinobiological.com/search?keywords=10108-H27B-B	True	86.86	NP_068576.1	1-740	7V87	2	F	0.998	0.834	1-617	1-617	3.30	ELECTRON MICROSCOPY	2021-10-06	Angiotensin-converting enzyme 2,Angiotensin-converting enzyme 2 (ACE2) ectodomain
ACE2	Q9BYF1	10108-H27B-B	https://www.sinobiological.com/search?keywords=10108-H27B-B	True	86.86	NP_068576.1	1-740	7V88	2	F	0.998	0.834	1-617	1-617	3.30	ELECTRON MICROSCOPY	2021-10-06	Angiotensin-converting enzyme 2,Angiotensin-converting enzyme 2 (ACE2) ectodomain
ACE2	Q9BYF1	10108-H27B-B	https://www.sinobiological.com/search?keywords=10108-H27B-B	True	86.86	NP_068576.1	1-740	7V89	2	F	0.998	0.834	1-617	1-617	2.80	ELECTRON MICROSCOPY	2021-10-06	Angiotensin-converting enzyme 2,Angiotensin-converting enzyme 2 (ACE2) ectodomain
ACE2	Q9BYF1	10108-H27B-B	https://www.sinobiological.com/search?keywords=10108-H27B-B	True	86.86	NP_068576.1	1-740	7V8A	2	F	0.998	0.834	1-617	1-617	2.70	ELECTRON MICROSCOPY	2021-10-06	Angiotensin-converting enzyme 2,Angiotensin-converting enzyme 2 (ACE2) ectodomain
ACE2	Q9BYF1	10108-H27B-B	https://www.sinobiological.com/search?keywords=10108-H27B-B	True	86.86	NP_068576.1	1-740	7V8B	2	F	0.998	0.834	1-617	1-617	3.20	ELECTRON MICROSCOPY	2021-10-06	Angiotensin-converting enzyme 2,Angiotensin-converting enzyme 2 (ACE2) ectodomain
ACE2	Q9BYF1	10108-H27B-B	https://www.sinobiological.com/search?keywords=10108-H27B-B	True	86.86	NP_068576.1	1-740	7VIB	1	A	1.000	0.807	19-615	19-615	3.20	X-RAY DIFFRACTION	2022-10-05	Angiotensin-converting enzyme 2
ACE2	Q9BYF1	10108-H27B-B	https://www.sinobiological.com/search?keywords=10108-H27B-B	True	86.86	NP_068576.1	1-740	7VX4	1	A	0.984	0.831	1-615	1-615	3.90	ELECTRON MICROSCOPY	2021-12-01	Angiotensin-converting enzyme 2
ACE2	Q9BYF1	10108-H27B-B	https://www.sinobiological.com/search?keywords=10108-H27B-B	True	86.86	NP_068576.1	1-740	7VX5	1	A	0.984	0.831	1-615	1-615	3.80	ELECTRON MICROSCOPY	2021-12-01	Angiotensin-converting enzyme 2
ACE2	Q9BYF1	10108-H27B-B	https://www.sinobiological.com/search?keywords=10108-H27B-B	True	86.86	NP_068576.1	1-740	7VX9	2	C	1.000	0.807	19-615	19-615	4.00	ELECTRON MICROSCOPY	2021-11-24	Angiotensin-converting enzyme 2
ACE2	Q9BYF1	10108-H27B-B	https://www.sinobiological.com/search?keywords=10108-H27B-B	True	86.86	NP_068576.1	1-740	7VXA	2	C	0.984	0.831	1-615	1-615	3.90	ELECTRON MICROSCOPY	2021-11-24	Angiotensin-converting enzyme 2
ACE2	Q9BYF1	10108-H27B-B	https://www.sinobiological.com/search?keywords=10108-H27B-B	True	86.86	NP_068576.1	1-740	7VXB	2	C	0.984	0.831	1-615	1-615	3.90	ELECTRON MICROSCOPY	2021-12-22	Angiotensin-converting enzyme 2
ACE2	Q9BYF1	10108-H27B-B	https://www.sinobiological.com/search?keywords=10108-H27B-B	True	86.86	NP_068576.1	1-740	7VXC	2	C	0.984	0.831	1-615	1-615	3.90	ELECTRON MICROSCOPY	2021-12-22	Angiotensin-converting enzyme 2
ACE2	Q9BYF1	10108-H27B-B	https://www.sinobiological.com/search?keywords=10108-H27B-B	True	86.86	NP_068576.1	1-740	7VXD	2	C	0.984	0.831	1-615	1-615	4.00	ELECTRON MICROSCOPY	2021-12-01	Angiotensin-converting enzyme 2
ACE2	Q9BYF1	10108-H27B-B	https://www.sinobiological.com/search?keywords=10108-H27B-B	True	86.86	NP_068576.1	1-740	7VXF	2	C	0.984	0.831	1-615	1-615	3.60	ELECTRON MICROSCOPY	2021-12-01	Angiotensin-converting enzyme 2
ACE2	Q9BYF1	10108-H27B-B	https://www.sinobiological.com/search?keywords=10108-H27B-B	True	86.86	NP_068576.1	1-740	7VXK	2	C	0.984	0.831	1-615	1-615	3.70	ELECTRON MICROSCOPY	2021-12-22	Angiotensin-converting enzyme 2
ACE2	Q9BYF1	10108-H27B-B	https://www.sinobiological.com/search?keywords=10108-H27B-B	True	86.86	NP_068576.1	1-740	7VXM	2	C	0.984	0.831	1-615	1-615	3.60	ELECTRON MICROSCOPY	2022-01-12	Angiotensin-converting enzyme 2
ACE2	Q9BYF1	10108-H27B-B	https://www.sinobiological.com/search?keywords=10108-H27B-B	True	86.86	NP_068576.1	1-740	7W98	2	D	0.984	0.831	1-615	1-615	3.60	ELECTRON MICROSCOPY	2022-01-12	Angiotensin-converting enzyme 2
ACE2	Q9BYF1	10108-H27B-B	https://www.sinobiological.com/search?keywords=10108-H27B-B	True	86.86	NP_068576.1	1-740	7W99	2	B	0.984	0.831	1-615	1-615	3.40	ELECTRON MICROSCOPY	2022-01-12	Angiotensin-converting enzyme 2
ACE2	Q9BYF1	10108-H27B-B	https://www.sinobiological.com/search?keywords=10108-H27B-B	True	86.86	NP_068576.1	1-740	7W9B	2	A	0.984	0.831	1-615	1-615	3.40	ELECTRON MICROSCOPY	2022-01-12	Angiotensin-converting enzyme 2
ACE2	Q9BYF1	10108-H27B-B	https://www.sinobiological.com/search?keywords=10108-H27B-B	True	86.86	NP_068576.1	1-740	7W9C	2	A	0.984	0.831	1-615	1-615	3.20	ELECTRON MICROSCOPY	2022-01-12	Angiotensin-converting enzyme 2
ACE2	Q9BYF1	10108-H27B-B	https://www.sinobiological.com/search?keywords=10108-H27B-B	True	86.86	NP_068576.1	1-740	7W9I	1	A	0.984	0.831	1-615	1-615	3.40	ELECTRON MICROSCOPY	2022-01-12	Angiotensin-converting enzyme 2
ACE2	Q9BYF1	10108-H27B-B	https://www.sinobiological.com/search?keywords=10108-H27B-B	True	86.86	NP_068576.1	1-740	7WBL	1	A	1.000	0.805	19-614	19-614	3.40	ELECTRON MICROSCOPY	2022-01-19	Angiotensin-converting enzyme 2
ACE2	Q9BYF1	10108-H27B-B	https://www.sinobiological.com/search?keywords=10108-H27B-B	True	86.86	NP_068576.1	1-740	7WBP	1	A	1.000	0.805	19-614	19-614	3.00	X-RAY DIFFRACTION	2022-01-19	Angiotensin-converting enzyme 2
ACE2	Q9BYF1	10108-H27B-B	https://www.sinobiological.com/search?keywords=10108-H27B-B	True	86.86	NP_068576.1	1-740	7WBQ	1	A	1.000	0.805	19-614	19-614	3.34	X-RAY DIFFRACTION	2022-01-19	Angiotensin-converting enzyme 2
ACE2	Q9BYF1	10108-H27B-B	https://www.sinobiological.com/search?keywords=10108-H27B-B	True	86.86	NP_068576.1	1-740	7WGB	2	D	1.000	0.803	19-612	19-612	3.50	ELECTRON MICROSCOPY	2022-06-22	Processed angiotensin-converting enzyme 2
ACE2	Q9BYF1	10108-H27B-B	https://www.sinobiological.com/search?keywords=10108-H27B-B	True	86.86	NP_068576.1	1-740	7WGC	1	A	1.000	0.803	19-612	19-612	3.60	ELECTRON MICROSCOPY	2022-06-22	Processed angiotensin-converting enzyme 2
ACE2	Q9BYF1	10108-H27B-B	https://www.sinobiological.com/search?keywords=10108-H27B-B	True	86.86	NP_068576.1	1-740	7WHH	1	A	1.000	0.807	19-615	19-615	2.60	X-RAY DIFFRACTION	2022-06-01	Processed angiotensin-converting enzyme 2
ACE2	Q9BYF1	10108-H27B-B	https://www.sinobiological.com/search?keywords=10108-H27B-B	True	86.86	NP_068576.1	1-740	7WK4	1	A	0.984	0.831	1-615	1-615	3.69	ELECTRON MICROSCOPY	2022-02-02	Angiotensin-converting enzyme 2
ACE2	Q9BYF1	10108-H27B-B	https://www.sinobiological.com/search?keywords=10108-H27B-B	True	86.86	NP_068576.1	1-740	7WK5	1	A	0.984	0.831	1-615	1-615	3.66	ELECTRON MICROSCOPY	2022-02-02	Angiotensin-converting enzyme 2
ACE2	Q9BYF1	10108-H27B-B	https://www.sinobiological.com/search?keywords=10108-H27B-B	True	86.86	NP_068576.1	1-740	7WK6	2	A	0.984	0.831	1-615	1-615	3.67	ELECTRON MICROSCOPY	2022-02-02	Angiotensin-converting enzyme 2
ACE2	Q9BYF1	10108-H27B-B	https://www.sinobiological.com/search?keywords=10108-H27B-B	True	86.86	NP_068576.1	1-740	7WNM	1	B	0.997	1.000	1-740	1-740	2.70	X-RAY DIFFRACTION	2022-12-21	Angiotensin-converting enzyme 2
ACE2	Q9BYF1	10108-H27B-B	https://www.sinobiological.com/search?keywords=10108-H27B-B	True	86.86	NP_068576.1	1-740	7WPA	2	D	1.000	1.000	1-740	1-740	2.77	ELECTRON MICROSCOPY	2022-03-09	Angiotensin-converting enzyme 2
ACE2	Q9BYF1	10108-H27B-B	https://www.sinobiological.com/search?keywords=10108-H27B-B	True	86.86	NP_068576.1	1-740	7WPB	2	D	1.000	1.000	1-740	1-740	2.79	ELECTRON MICROSCOPY	2022-03-09	Angiotensin-converting enzyme 2
ACE2	Q9BYF1	10108-H27B-B	https://www.sinobiological.com/search?keywords=10108-H27B-B	True	86.86	NP_068576.1	1-740	7WPC	2	D	1.000	1.000	1-740	1-740	2.57	ELECTRON MICROSCOPY	2022-03-09	Angiotensin-converting enzyme 2
ACE2	Q9BYF1	10108-H27B-B	https://www.sinobiological.com/search?keywords=10108-H27B-B	True	86.86	NP_068576.1	1-740	7WS8	2	D	1.000	0.804	19-613	19-613	3.00	ELECTRON MICROSCOPY	2022-06-01	Processed angiotensin-converting enzyme 2
ACE2	Q9BYF1	10108-H27B-B	https://www.sinobiological.com/search?keywords=10108-H27B-B	True	86.86	NP_068576.1	1-740	7WS9	2	D	1.000	0.804	19-613	19-613	2.90	ELECTRON MICROSCOPY	2022-06-01	Processed angiotensin-converting enzyme 2
ACE2	Q9BYF1	10108-H27B-B	https://www.sinobiological.com/search?keywords=10108-H27B-B	True	86.86	NP_068576.1	1-740	7WSA	2	D	1.000	0.804	19-613	19-613	3.00	ELECTRON MICROSCOPY	2022-06-01	Processed angiotensin-converting enzyme 2
ACE2	Q9BYF1	10108-H27B-B	https://www.sinobiological.com/search?keywords=10108-H27B-B	True	86.86	NP_068576.1	1-740	7WVP	1	A	0.984	0.831	1-615	1-615	3.70	ELECTRON MICROSCOPY	2022-04-06	Angiotensin-converting enzyme 2
ACE2	Q9BYF1	10108-H27B-B	https://www.sinobiological.com/search?keywords=10108-H27B-B	True	86.86	NP_068576.1	1-740	7WVQ	2	A	0.984	0.831	1-615	1-615	4.04	ELECTRON MICROSCOPY	2022-04-06	Angiotensin-converting enzyme 2
ACE2	Q9BYF1	10108-H27B-B	https://www.sinobiological.com/search?keywords=10108-H27B-B	True	86.86	NP_068576.1	1-740	7XAZ	1	A	1.000	0.805	19-614	19-614	3.00	X-RAY DIFFRACTION	2022-07-06	Angiotensin-converting enzyme 2
ACE2	Q9BYF1	10108-H27B-B	https://www.sinobiological.com/search?keywords=10108-H27B-B	True	86.86	NP_068576.1	1-740	7XB0	1	A	1.000	0.805	19-614	19-614	2.90	X-RAY DIFFRACTION	2022-07-06	Angiotensin-converting enzyme 2
ACE2	Q9BYF1	10108-H27B-B	https://www.sinobiological.com/search?keywords=10108-H27B-B	True	86.86	NP_068576.1	1-740	7XB1	1	A	1.000	0.805	19-614	19-614	2.70	X-RAY DIFFRACTION	2022-07-06	Angiotensin-converting enzyme 2
ACE2	Q9BYF1	10108-H27B-B	https://www.sinobiological.com/search?keywords=10108-H27B-B	True	86.86	NP_068576.1	1-740	7XBF	1	A	1.000	0.808	18-615	18-615	3.51	X-RAY DIFFRACTION	2023-01-11	Processed angiotensin-converting enzyme 2
ACE2	Q9BYF1	10108-H27B-B	https://www.sinobiological.com/search?keywords=10108-H27B-B	True	86.86	NP_068576.1	1-740	7XBG	1	A	1.000	0.808	18-615	18-615	3.37	X-RAY DIFFRACTION	2023-01-11	Processed angiotensin-converting enzyme 2
ACE2	Q9BYF1	10108-H27B-B	https://www.sinobiological.com/search?keywords=10108-H27B-B	True	86.86	NP_068576.1	1-740	7XBH	2	A	1.000	0.814	18-619	18-619	3.02	X-RAY DIFFRACTION	2023-01-11	Processed angiotensin-converting enzyme 2
ACE2	Q9BYF1	10108-H27B-B	https://www.sinobiological.com/search?keywords=10108-H27B-B	True	86.86	NP_068576.1	1-740	7XCH	2	D	1.000	0.805	19-614	19-614	3.40	ELECTRON MICROSCOPY	2022-08-31	Processed angiotensin-converting enzyme 2
ACE2	Q9BYF1	10108-H27B-B	https://www.sinobiological.com/search?keywords=10108-H27B-B	True	86.86	NP_068576.1	1-740	7XCI	1	A	1.000	0.805	19-614	19-614	3.20	ELECTRON MICROSCOPY	2022-08-31	Processed angiotensin-converting enzyme 2
ACE2	Q9BYF1	10108-H27B-B	https://www.sinobiological.com/search?keywords=10108-H27B-B	True	86.86	NP_068576.1	1-740	7XCP	1	A	1.000	0.805	19-614	19-614	3.05	ELECTRON MICROSCOPY	2022-08-31	Processed angiotensin-converting enzyme 2
ACE2	Q9BYF1	10108-H27B-B	https://www.sinobiological.com/search?keywords=10108-H27B-B	True	86.86	NP_068576.1	1-740	7XID	2	D	1.000	0.977	18-740	18-740	3.30	ELECTRON MICROSCOPY	2022-06-15	Angiotensin-converting enzyme 2
ACE2	Q9BYF1	10108-H27B-B	https://www.sinobiological.com/search?keywords=10108-H27B-B	True	86.86	NP_068576.1	1-740	7XO7	2	E	1.000	1.000	1-740	1-740	3.38	ELECTRON MICROSCOPY	2022-06-15	Angiotensin-converting enzyme 2
ACE2	Q9BYF1	10108-H27B-B	https://www.sinobiological.com/search?keywords=10108-H27B-B	True	86.86	NP_068576.1	1-740	7XO8	2	D	1.000	1.000	1-740	1-740	3.48	ELECTRON MICROSCOPY	2022-06-15	Angiotensin-converting enzyme 2
ACE2	Q9BYF1	10108-H27B-B	https://www.sinobiological.com/search?keywords=10108-H27B-B	True	86.86	NP_068576.1	1-740	7XO9	2	D	1.000	1.000	1-740	1-740	3.00	ELECTRON MICROSCOPY	2022-06-15	Angiotensin-converting enzyme 2
ACE2	Q9BYF1	10108-H27B-B	https://www.sinobiological.com/search?keywords=10108-H27B-B	True	86.86	NP_068576.1	1-740	7XWA	1	A	1.000	0.809	19-617	19-617	3.36	X-RAY DIFFRACTION	2022-09-28	Processed angiotensin-converting enzyme 2
ACE2	Q9BYF1	10108-H27B-B	https://www.sinobiological.com/search?keywords=10108-H27B-B	True	86.86	NP_068576.1	1-740	7Y1Y	2	D	0.985	0.822	8-615	8-615	3.30	ELECTRON MICROSCOPY	2023-07-12	Processed angiotensin-converting enzyme 2
ACE2	Q9BYF1	10108-H27B-B	https://www.sinobiological.com/search?keywords=10108-H27B-B	True	86.86	NP_068576.1	1-740	7Y1Z	2	D	0.985	0.822	8-615	8-615	3.40	ELECTRON MICROSCOPY	2023-07-12	Processed angiotensin-converting enzyme 2
ACE2	Q9BYF1	10108-H27B-B	https://www.sinobiological.com/search?keywords=10108-H27B-B	True	86.86	NP_068576.1	1-740	7Y20	2	D	0.985	0.822	8-615	8-615	3.80	ELECTRON MICROSCOPY	2023-08-09	Processed angiotensin-converting enzyme 2
ACE2	Q9BYF1	10108-H27B-B	https://www.sinobiological.com/search?keywords=10108-H27B-B	True	86.86	NP_068576.1	1-740	7Y21	2	D	0.985	0.822	8-615	8-615	2.80	ELECTRON MICROSCOPY	2023-08-09	Processed angiotensin-converting enzyme 2
ACE2	Q9BYF1	10108-H27B-B	https://www.sinobiological.com/search?keywords=10108-H27B-B	True	86.86	NP_068576.1	1-740	7Y75	2	A	1.000	0.977	18-740	18-740	3.10	ELECTRON MICROSCOPY	2022-11-30	Angiotensin-converting enzyme 2
ACE2	Q9BYF1	10108-H27B-B	https://www.sinobiological.com/search?keywords=10108-H27B-B	True	86.86	NP_068576.1	1-740	7Y76	2	A	1.000	0.977	18-740	18-740	3.20	ELECTRON MICROSCOPY	2023-01-04	Angiotensin-converting enzyme 2
ACE2	Q9BYF1	10108-H27B-B	https://www.sinobiological.com/search?keywords=10108-H27B-B	True	86.86	NP_068576.1	1-740	7Y9Z	2	D	1.000	0.805	19-614	19-614	2.85	ELECTRON MICROSCOPY	2022-09-21	Processed angiotensin-converting enzyme 2
ACE2	Q9BYF1	10108-H27B-B	https://www.sinobiological.com/search?keywords=10108-H27B-B	True	86.86	NP_068576.1	1-740	7YA0	2	D	1.000	0.805	19-614	19-614	3.10	ELECTRON MICROSCOPY	2022-09-21	Processed angiotensin-converting enzyme 2
ACE2	Q9BYF1	10108-H27B-B	https://www.sinobiological.com/search?keywords=10108-H27B-B	True	86.86	NP_068576.1	1-740	7YA1	1	A	1.000	0.805	19-614	19-614	3.11	ELECTRON MICROSCOPY	2022-08-31	Angiotensin-converting enzyme 2
ACE2	Q9BYF1	10108-H27B-B	https://www.sinobiological.com/search?keywords=10108-H27B-B	True	86.86	NP_068576.1	1-740	7YDI	1	A	1.000	0.807	19-615	19-615	3.98	ELECTRON MICROSCOPY	2022-08-24	Processed angiotensin-converting enzyme 2
ACE2	Q9BYF1	10108-H27B-B	https://www.sinobiological.com/search?keywords=10108-H27B-B	True	86.86	NP_068576.1	1-740	7YEG	2	E	1.000	0.807	19-615	19-615	3.73	ELECTRON MICROSCOPY	2022-08-24	Angiotensin-converting enzyme 2
ACE2	Q9BYF1	10108-H27B-B	https://www.sinobiological.com/search?keywords=10108-H27B-B	True	86.86	NP_068576.1	1-740	7YHW	1	A	1.000	0.805	19-614	19-614	3.09	ELECTRON MICROSCOPY	2023-07-19	Angiotensin-converting enzyme 2
ACE2	Q9BYF1	10108-H27B-B	https://www.sinobiological.com/search?keywords=10108-H27B-B	True	86.86	NP_068576.1	1-740	7YJ3	1	A	1.000	0.805	19-614	19-614	3.14	ELECTRON MICROSCOPY	2023-07-19	Angiotensin-converting enzyme 2
ACE2	Q9BYF1	10108-H27B-B	https://www.sinobiological.com/search?keywords=10108-H27B-B	True	86.86	NP_068576.1	1-740	7YR2	1	A	1.000	0.807	19-615	19-615	3.30	ELECTRON MICROSCOPY	2022-10-19	Angiotensin-converting enzyme 2
ACE2	Q9BYF1	10108-H27B-B	https://www.sinobiological.com/search?keywords=10108-H27B-B	True	86.86	NP_068576.1	1-740	7YR3	2	D	1.000	0.807	19-615	19-615	3.52	ELECTRON MICROSCOPY	2022-10-19	Angiotensin-converting enzyme 2
ACE2	Q9BYF1	10108-H27B-B	https://www.sinobiological.com/search?keywords=10108-H27B-B	True	86.86	NP_068576.1	1-740	7YR4	1	A	1.000	0.807	19-615	19-615	4.12	ELECTRON MICROSCOPY	2023-09-20	Angiotensin-converting enzyme 2
ACE2	Q9BYF1	10108-H27B-B	https://www.sinobiological.com/search?keywords=10108-H27B-B	True	86.86	NP_068576.1	1-740	7ZDQ	1	A	1.000	0.807	19-615	19-615	3.20	ELECTRON MICROSCOPY	2022-05-18	Processed angiotensin-converting enzyme 2
ACE2	Q9BYF1	10108-H27B-B	https://www.sinobiological.com/search?keywords=10108-H27B-B	True	86.86	NP_068576.1	1-740	7ZF7	1	A	0.998	0.808	19-616	19-616	3.46	X-RAY DIFFRACTION	2022-06-01	Processed angiotensin-converting enzyme 2
ACE2	Q9BYF1	10108-H27B-B	https://www.sinobiological.com/search?keywords=10108-H27B-B	True	86.86	NP_068576.1	1-740	8AQS	2	B	0.980	0.828	8-620	8-620	2.92	ELECTRON MICROSCOPY	2023-03-01	Processed angiotensin-converting enzyme 2
ACE2	Q9BYF1	10108-H27B-B	https://www.sinobiological.com/search?keywords=10108-H27B-B	True	86.86	NP_068576.1	1-740	8ASY	1	A	0.998	0.808	19-616	19-616	2.85	X-RAY DIFFRACTION	2023-01-11	Processed angiotensin-converting enzyme 2
ACE2	Q9BYF1	10108-H27B-B	https://www.sinobiological.com/search?keywords=10108-H27B-B	True	86.86	NP_068576.1	1-740	8B9P	1	A	0.998	0.809	19-617	19-617	2.11	X-RAY DIFFRACTION	2023-09-20	Processed angiotensin-converting enzyme 2
ACE2	Q9BYF1	10108-H27B-B	https://www.sinobiological.com/search?keywords=10108-H27B-B	True	86.86	NP_068576.1	1-740	8BFW	1	A	0.998	0.809	19-617	19-617	2.33	X-RAY DIFFRACTION	2023-10-04	Processed angiotensin-converting enzyme 2
ACE2	Q9BYF1	10108-H27B-B	https://www.sinobiological.com/search?keywords=10108-H27B-B	True	86.86	NP_068576.1	1-740	8BN1	1	A	0.998	0.809	19-617	19-617	2.61	X-RAY DIFFRACTION	2023-09-20	Processed angiotensin-converting enzyme 2
ACE2	Q9BYF1	10108-H27B-B	https://www.sinobiological.com/search?keywords=10108-H27B-B	True	86.86	NP_068576.1	1-740	8BYJ	1	A	0.998	0.809	19-617	19-617	2.07	X-RAY DIFFRACTION	2023-09-20	Processed angiotensin-converting enzyme 2
ACE2	Q9BYF1	10108-H27B-B	https://www.sinobiological.com/search?keywords=10108-H27B-B	True	86.86	NP_068576.1	1-740	8DF5	3	E	1.000	1.000	1-740	1-740	2.70	X-RAY DIFFRACTION	2022-08-03	Angiotensin-converting enzyme 2
ACE2	Q9BYF1	10108-H27B-B	https://www.sinobiological.com/search?keywords=10108-H27B-B	True	86.86	NP_068576.1	1-740	8DLJ	2	E	1.000	0.808	18-615	18-615	2.91	ELECTRON MICROSCOPY	2022-08-31	Processed angiotensin-converting enzyme 2
ACE2	Q9BYF1	10108-H27B-B	https://www.sinobiological.com/search?keywords=10108-H27B-B	True	86.86	NP_068576.1	1-740	8DLK	2	E	1.000	0.808	18-615	18-615	3.04	ELECTRON MICROSCOPY	2022-08-31	Processed angiotensin-converting enzyme 2
ACE2	Q9BYF1	10108-H27B-B	https://www.sinobiological.com/search?keywords=10108-H27B-B	True	86.86	NP_068576.1	1-740	8DLM	2	E	1.000	0.808	18-615	18-615	2.89	ELECTRON MICROSCOPY	2022-08-31	Processed angiotensin-converting enzyme 2
ACE2	Q9BYF1	10108-H27B-B	https://www.sinobiological.com/search?keywords=10108-H27B-B	True	86.86	NP_068576.1	1-740	8DLN	2	E	1.000	0.808	18-615	18-615	3.04	ELECTRON MICROSCOPY	2022-08-31	Processed angiotensin-converting enzyme 2
ACE2	Q9BYF1	10108-H27B-B	https://www.sinobiological.com/search?keywords=10108-H27B-B	True	86.86	NP_068576.1	1-740	8DLP	2	D	1.000	0.808	18-615	18-615	2.64	ELECTRON MICROSCOPY	2022-08-31	Processed angiotensin-converting enzyme 2
ACE2	Q9BYF1	10108-H27B-B	https://www.sinobiological.com/search?keywords=10108-H27B-B	True	86.86	NP_068576.1	1-740	8DLQ	2	E	1.000	0.808	18-615	18-615	2.77	ELECTRON MICROSCOPY	2022-08-31	Processed angiotensin-converting enzyme 2
ACE2	Q9BYF1	10108-H27B-B	https://www.sinobiological.com/search?keywords=10108-H27B-B	True	86.86	NP_068576.1	1-740	8DLU	2	D	1.000	0.808	18-615	18-615	3.14	ELECTRON MICROSCOPY	2022-08-31	Processed angiotensin-converting enzyme 2
ACE2	Q9BYF1	10108-H27B-B	https://www.sinobiological.com/search?keywords=10108-H27B-B	True	86.86	NP_068576.1	1-740	8DLV	2	E	1.000	0.808	18-615	18-615	3.11	ELECTRON MICROSCOPY	2022-08-31	Processed angiotensin-converting enzyme 2
ACE2	Q9BYF1	10108-H27B-B	https://www.sinobiological.com/search?keywords=10108-H27B-B	True	86.86	NP_068576.1	1-740	8DM5	2	D	1.000	0.808	18-615	18-615	2.51	ELECTRON MICROSCOPY	2023-02-08	Processed angiotensin-converting enzyme 2
ACE2	Q9BYF1	10108-H27B-B	https://www.sinobiological.com/search?keywords=10108-H27B-B	True	86.86	NP_068576.1	1-740	8DM6	2	D	1.000	0.808	18-615	18-615	2.77	ELECTRON MICROSCOPY	2023-02-08	Processed angiotensin-converting enzyme 2
ACE2	Q9BYF1	10108-H27B-B	https://www.sinobiological.com/search?keywords=10108-H27B-B	True	86.86	NP_068576.1	1-740	8DV1	2	D	0.994	0.977	18-740	18-740	3.40	ELECTRON MICROSCOPY	2022-08-31	Angiotensin-converting enzyme 2,Immunoglobulin gamma-1 heavy chain fusion,Immunoglobulin gamma-1 heavy chain
ACE2	Q9BYF1	10108-H27B-B	https://www.sinobiological.com/search?keywords=10108-H27B-B	True	86.86	NP_068576.1	1-740	8DV2	2	D	0.996	0.977	18-740	18-740	3.50	ELECTRON MICROSCOPY	2022-08-31	Angiotensin-converting enzyme 2,Immunoglobulin gamma-1 heavy chain fusion
ACE2	Q9BYF1	10108-H27B-B	https://www.sinobiological.com/search?keywords=10108-H27B-B	True	86.86	NP_068576.1	1-740	8E7M	1	A	0.998	0.834	1-617	1-617	3.30	ELECTRON MICROSCOPY	2022-09-28	Angiotensin-converting enzyme 2
ACE2	Q9BYF1	10108-H27B-B	https://www.sinobiological.com/search?keywords=10108-H27B-B	True	86.86	NP_068576.1	1-740	8FXB	3	A	1.000	0.807	19-615	19-615	3.10	ELECTRON MICROSCOPY	2023-10-04	Processed angiotensin-converting enzyme 2
ACE2	Q9BYF1	10108-H27B-B	https://www.sinobiological.com/search?keywords=10108-H27B-B	True	86.86	NP_068576.1	1-740	8FXC	3	A	1.000	0.807	19-615	19-615	3.20	ELECTRON MICROSCOPY	2023-10-04	Processed angiotensin-converting enzyme 2
ACE2	Q9BYF1	10108-H27B-B	https://www.sinobiological.com/search?keywords=10108-H27B-B	True	86.86	NP_068576.1	1-740	8H06	1	A	1.000	0.805	19-614	19-614	2.66	ELECTRON MICROSCOPY	2023-07-19	Processed angiotensin-converting enzyme 2
ACE2	Q9BYF1	10108-H27B-B	https://www.sinobiological.com/search?keywords=10108-H27B-B	True	86.86	NP_068576.1	1-740	8H5C	1	A	1.000	0.805	19-614	19-614	2.90	X-RAY DIFFRACTION	2023-07-19	Processed angiotensin-converting enzyme 2
ACE2	Q9BYF1	10108-H27B-B	https://www.sinobiological.com/search?keywords=10108-H27B-B	True	86.86	NP_068576.1	1-740	8HRK	1	A	1.000	0.807	19-615	19-615	3.30	ELECTRON MICROSCOPY	2023-12-20	Processed angiotensin-converting enzyme 2
ACE2	Q9BYF1	10108-H27B-B	https://www.sinobiological.com/search?keywords=10108-H27B-B	True	86.86	NP_068576.1	1-740	8HRL	1	A	1.000	0.807	19-615	19-615	2.80	ELECTRON MICROSCOPY	2023-12-20	Processed angiotensin-converting enzyme 2
ACE2	Q9BYF1	10108-H27B-B	https://www.sinobiological.com/search?keywords=10108-H27B-B	True	86.86	NP_068576.1	1-740	8HRN	1	A	0.984	0.831	1-615	1-615	3.90	ELECTRON MICROSCOPY	2023-12-20	Angiotensin-converting enzyme 2
ACE2	Q9BYF1	10108-H27B-B	https://www.sinobiological.com/search?keywords=10108-H27B-B	True	86.86	NP_068576.1	1-740	8HRU	1	A	0.984	0.831	1-615	1-615	3.90	ELECTRON MICROSCOPY	2023-12-20	Angiotensin-converting enzyme 2
ACE2	Q9BYF1	10108-H27B-B	https://www.sinobiological.com/search?keywords=10108-H27B-B	True	86.86	NP_068576.1	1-740	8I91	1	A	1.000	0.977	18-740	18-740	3.30	ELECTRON MICROSCOPY	2023-09-27	Angiotensin-converting enzyme 2
ACE2	Q9BYF1	10108-H27B-B	https://www.sinobiological.com/search?keywords=10108-H27B-B	True	86.86	NP_068576.1	1-740	8I92	1	A	1.000	0.977	18-740	18-740	3.20	ELECTRON MICROSCOPY	2023-09-27	Angiotensin-converting enzyme 2
ACE2	Q9BYF1	10108-H27B-B	https://www.sinobiological.com/search?keywords=10108-H27B-B	True	86.86	NP_068576.1	1-740	8I93	1	A	1.000	0.974	20-740	20-740	3.10	ELECTRON MICROSCOPY	2023-09-27	Angiotensin-converting enzyme 2
ACE2	Q9BYF1	10108-H27B-B	https://www.sinobiological.com/search?keywords=10108-H27B-B	True	86.86	NP_068576.1	1-740	8I9B	2	D	0.985	0.822	8-615	8-615	3.50	ELECTRON MICROSCOPY	2024-02-07	Processed angiotensin-converting enzyme 2
ACE2	Q9BYF1	10108-H27B-B	https://www.sinobiological.com/search?keywords=10108-H27B-B	True	86.86	NP_068576.1	1-740	8I9C	2	D	0.985	0.822	8-615	8-615	3.85	ELECTRON MICROSCOPY	2024-02-07	Processed angiotensin-converting enzyme 2
ACE2	Q9BYF1	10108-H27B-B	https://www.sinobiological.com/search?keywords=10108-H27B-B	True	86.86	NP_068576.1	1-740	8I9D	2	D	0.985	0.822	8-615	8-615	3.95	ELECTRON MICROSCOPY	2024-02-07	Processed angiotensin-converting enzyme 2
ACE2	Q9BYF1	10108-H27B-B	https://www.sinobiological.com/search?keywords=10108-H27B-B	True	86.86	NP_068576.1	1-740	8I9E	1	A	0.985	0.822	8-615	8-615	3.20	ELECTRON MICROSCOPY	2024-02-07	Processed angiotensin-converting enzyme 2
ACE2	Q9BYF1	10108-H27B-B	https://www.sinobiological.com/search?keywords=10108-H27B-B	True	86.86	NP_068576.1	1-740	8I9F	1	A	0.985	0.822	8-615	8-615	2.90	ELECTRON MICROSCOPY	2024-02-07	Processed angiotensin-converting enzyme 2
ACE2	Q9BYF1	10108-H27B-B	https://www.sinobiological.com/search?keywords=10108-H27B-B	True	86.86	NP_068576.1	1-740	8I9G	1	D	0.985	0.822	8-615	8-615	3.20	ELECTRON MICROSCOPY	2024-02-07	Processed angiotensin-converting enzyme 2
ACE2	Q9BYF1	10108-H27B-B	https://www.sinobiological.com/search?keywords=10108-H27B-B	True	86.86	NP_068576.1	1-740	8I9H	1	A	0.985	0.822	8-615	8-615	3.60	ELECTRON MICROSCOPY	2024-02-07	Processed angiotensin-converting enzyme 2
ACE2	Q9BYF1	10108-H27B-B	https://www.sinobiological.com/search?keywords=10108-H27B-B	True	86.86	NP_068576.1	1-740	8IF2	1	A	1.000	0.809	19-617	19-617	2.78	X-RAY DIFFRACTION	2023-05-17	Processed angiotensin-converting enzyme 2
ACE2	Q9BYF1	10108-H27B-B	https://www.sinobiological.com/search?keywords=10108-H27B-B	True	86.86	NP_068576.1	1-740	8IOU	2	D	1.000	0.809	19-617	19-617	3.18	ELECTRON MICROSCOPY	2023-05-24	Processed angiotensin-converting enzyme 2
ACE2	Q9BYF1	10108-H27B-B	https://www.sinobiological.com/search?keywords=10108-H27B-B	True	86.86	NP_068576.1	1-740	8IOV	1	A	1.000	0.809	19-617	19-617	3.29	ELECTRON MICROSCOPY	2023-05-24	Processed angiotensin-converting enzyme 2
ACE2	Q9BYF1	10108-H27B-B	https://www.sinobiological.com/search?keywords=10108-H27B-B	True	86.86	NP_068576.1	1-740	8JJE	1	A	0.989	0.832	1-616	1-616	3.40	ELECTRON MICROSCOPY	2023-12-27	Angiotensin-converting enzyme 2
ACE2	Q9BYF1	10108-H27B-B	https://www.sinobiological.com/search?keywords=10108-H27B-B	True	86.86	NP_068576.1	1-740	8JWH	1	A	1.000	0.807	19-615	19-615	3.34	ELECTRON MICROSCOPY	2024-07-03	Processed angiotensin-converting enzyme 2
ACE2	Q9BYF1	10108-H27B-B	https://www.sinobiological.com/search?keywords=10108-H27B-B	True	86.86	NP_068576.1	1-740	8JYN	2	D	1.000	0.809	19-617	19-617	3.04	ELECTRON MICROSCOPY	2024-01-03	Processed angiotensin-converting enzyme 2
ACE2	Q9BYF1	10108-H27B-B	https://www.sinobiological.com/search?keywords=10108-H27B-B	True	86.86	NP_068576.1	1-740	8JYO	2	D	1.000	0.809	19-617	19-617	3.20	ELECTRON MICROSCOPY	2024-01-03	Processed angiotensin-converting enzyme 2
ACE2	Q9BYF1	10108-H27B-B	https://www.sinobiological.com/search?keywords=10108-H27B-B	True	86.86	NP_068576.1	1-740	8JYP	2	D	1.000	0.809	19-617	19-617	3.38	ELECTRON MICROSCOPY	2024-01-03	Processed angiotensin-converting enzyme 2
ACE2	Q9BYF1	10108-H27B-B	https://www.sinobiological.com/search?keywords=10108-H27B-B	True	86.86	NP_068576.1	1-740	8P2W	1	A	0.999	1.000	1-740	1-740	3.76	ELECTRON MICROSCOPY	2024-06-12	Processed angiotensin-converting enzyme 2
ACE2	Q9BYF1	10108-H27B-B	https://www.sinobiological.com/search?keywords=10108-H27B-B	True	86.86	NP_068576.1	1-740	8P2X	1	A	0.999	1.000	1-740	1-740	3.59	ELECTRON MICROSCOPY	2024-06-12	Processed angiotensin-converting enzyme 2
ACE2	Q9BYF1	10108-H27B-B	https://www.sinobiological.com/search?keywords=10108-H27B-B	True	86.86	NP_068576.1	1-740	8P2Y	1	A	0.999	1.000	1-740	1-740	3.46	ELECTRON MICROSCOPY	2024-06-12	Processed angiotensin-converting enzyme 2
ACE2	Q9BYF1	10108-H27B-B	https://www.sinobiological.com/search?keywords=10108-H27B-B	True	86.86	NP_068576.1	1-740	8P2Z	1	A	0.999	1.000	1-740	1-740	3.50	ELECTRON MICROSCOPY	2024-06-12	Processed angiotensin-converting enzyme 2
ACE2	Q9BYF1	10108-H27B-B	https://www.sinobiological.com/search?keywords=10108-H27B-B	True	86.86	NP_068576.1	1-740	8P30	1	A	0.999	1.000	1-740	1-740	3.29	ELECTRON MICROSCOPY	2024-06-12	Processed angiotensin-converting enzyme 2
ACE2	Q9BYF1	10108-H27B-B	https://www.sinobiological.com/search?keywords=10108-H27B-B	True	86.86	NP_068576.1	1-740	8P31	1	A	0.999	1.000	1-740	1-740	3.24	ELECTRON MICROSCOPY	2024-06-12	Processed angiotensin-converting enzyme 2
ACE2	Q9BYF1	10108-H27B-B	https://www.sinobiological.com/search?keywords=10108-H27B-B	True	86.86	NP_068576.1	1-740	8QSQ	2	B	1.000	0.807	19-615	19-615	3.70	ELECTRON MICROSCOPY	2024-05-08	Processed angiotensin-converting enzyme 2
ACE2	Q9BYF1	10108-H27B-B	https://www.sinobiological.com/search?keywords=10108-H27B-B	True	86.86	NP_068576.1	1-740	8S9G	1	A	1.000	0.807	19-615	19-615	3.00	ELECTRON MICROSCOPY	2023-10-04	Processed angiotensin-converting enzyme 2
ACE2	Q9BYF1	10108-H27B-B	https://www.sinobiological.com/search?keywords=10108-H27B-B	True	86.86	NP_068576.1	1-740	8SPH	1	A	1.000	0.807	19-615	19-615	2.71	X-RAY DIFFRACTION	2023-08-02	Angiotensin-converting enzyme 2
ACE2	Q9BYF1	10108-H27B-B	https://www.sinobiological.com/search?keywords=10108-H27B-B	True	86.86	NP_068576.1	1-740	8SPI	1	A	1.000	0.807	19-615	19-615	3.06	X-RAY DIFFRACTION	2023-08-02	Angiotensin-converting enzyme 2
ACE2	Q9BYF1	10108-H27B-B	https://www.sinobiological.com/search?keywords=10108-H27B-B	True	86.86	NP_068576.1	1-740	8TOQ	1	A	1.000	0.807	18-614	18-614	2.30	X-RAY DIFFRACTION	2024-02-07	Angiotensin-converting enzyme 2
ACE2	Q9BYF1	10108-H27B-B	https://www.sinobiological.com/search?keywords=10108-H27B-B	True	86.86	NP_068576.1	1-740	8TOR	1	A	1.000	0.807	18-614	18-614	2.20	X-RAY DIFFRACTION	2024-02-07	Angiotensin-converting enzyme 2
ACE2	Q9BYF1	10108-H27B-B	https://www.sinobiological.com/search?keywords=10108-H27B-B	True	86.86	NP_068576.1	1-740	8TOS	1	A	1.000	0.807	18-614	18-614	2.35	X-RAY DIFFRACTION	2024-02-07	Angiotensin-converting enzyme 2
ACE2	Q9BYF1	10108-H27B-B	https://www.sinobiological.com/search?keywords=10108-H27B-B	True	86.86	NP_068576.1	1-740	8TOT	1	A	1.000	0.807	18-614	18-614	2.80	X-RAY DIFFRACTION	2024-02-07	Angiotensin-converting enzyme 2
ACE2	Q9BYF1	10108-H27B-B	https://www.sinobiological.com/search?keywords=10108-H27B-B	True	86.86	NP_068576.1	1-740	8TOU	1	A	1.000	0.807	18-614	18-614	3.10	X-RAY DIFFRACTION	2024-02-07	Angiotensin-converting enzyme 2
ACE2	Q9BYF1	10108-H27B-B	https://www.sinobiological.com/search?keywords=10108-H27B-B	True	86.86	NP_068576.1	1-740	8UZE	1	A	0.955	0.807	19-615	19-615	3.03	X-RAY DIFFRACTION	2024-07-24	Angiotensin-converting enzyme 2
ACE2	Q9BYF1	10108-H27B-B	https://www.sinobiological.com/search?keywords=10108-H27B-B	True	86.86	NP_068576.1	1-740	8VKO	2	D	1.000	0.808	18-615	18-615	2.68	ELECTRON MICROSCOPY	2024-02-14	Processed angiotensin-converting enzyme 2
ACE2	Q9BYF1	10108-H27B-B	https://www.sinobiological.com/search?keywords=10108-H27B-B	True	86.86	NP_068576.1	1-740	8VKP	2	D	1.000	0.808	18-615	18-615	2.77	ELECTRON MICROSCOPY	2024-02-14	Processed angiotensin-converting enzyme 2
ACE2	Q9BYF1	10108-H27B-B	https://www.sinobiological.com/search?keywords=10108-H27B-B	True	86.86	NP_068576.1	1-740	8VQR	1	A	0.961	0.803	22-615	22-615	2.56	X-RAY DIFFRACTION	2024-05-01	Angiotensin-converting enzyme,Processed angiotensin-converting enzyme 2
ACE2	Q9BYF1	10108-H27B-B	https://www.sinobiological.com/search?keywords=10108-H27B-B	True	86.86	NP_068576.1	1-740	8WBY	2	B	1.000	1.000	1-740	1-740	3.18	ELECTRON MICROSCOPY	2024-09-11	Angiotensin-converting enzyme 2
ACE2	Q9BYF1	10108-H27B-B	https://www.sinobiological.com/search?keywords=10108-H27B-B	True	86.86	NP_068576.1	1-740	8WBZ	2	B	1.000	1.000	1-740	1-740	3.20	ELECTRON MICROSCOPY	2024-09-11	Angiotensin-converting enzyme 2
ACE2	Q9BYF1	10108-H27B-B	https://www.sinobiological.com/search?keywords=10108-H27B-B	True	86.86	NP_068576.1	1-740	8WDR	1	A	1.000	1.000	1-740	1-740	3.47	X-RAY DIFFRACTION	2024-07-24	Angiotensin-converting enzyme 2
ACE2	Q9BYF1	10108-H27B-B	https://www.sinobiological.com/search?keywords=10108-H27B-B	True	86.86	NP_068576.1	1-740	8WDS	1	A	1.000	1.000	1-740	1-740	3.40	X-RAY DIFFRACTION	2024-07-24	Angiotensin-converting enzyme 2
ACE2	Q9BYF1	10108-H27B-B	https://www.sinobiological.com/search?keywords=10108-H27B-B	True	86.86	NP_068576.1	1-740	8WDY	1	A	1.000	1.000	1-740	1-740	2.69	ELECTRON MICROSCOPY	2024-07-24	Angiotensin-converting enzyme 2
ACE2	Q9BYF1	10108-H27B-B	https://www.sinobiological.com/search?keywords=10108-H27B-B	True	86.86	NP_068576.1	1-740	8WDZ	1	A	1.000	1.000	1-740	1-740	2.71	ELECTRON MICROSCOPY	2024-07-24	Angiotensin-converting enzyme 2
ACE2	Q9BYF1	10108-H27B-B	https://www.sinobiological.com/search?keywords=10108-H27B-B	True	86.86	NP_068576.1	1-740	8WE0	1	A	1.000	1.000	1-740	1-740	2.80	ELECTRON MICROSCOPY	2024-07-24	Angiotensin-converting enzyme 2
ACE2	Q9BYF1	10108-H27B-B	https://www.sinobiological.com/search?keywords=10108-H27B-B	True	86.86	NP_068576.1	1-740	8WE1	1	A	1.000	1.000	1-740	1-740	2.47	ELECTRON MICROSCOPY	2024-07-24	Angiotensin-converting enzyme 2
ACE2	Q9BYF1	10108-H27B-B	https://www.sinobiological.com/search?keywords=10108-H27B-B	True	86.86	NP_068576.1	1-740	8WE4	1	A	1.000	1.000	1-740	1-740	2.91	ELECTRON MICROSCOPY	2024-07-24	Angiotensin-converting enzyme 2
ACE2	Q9BYF1	10108-H27B-B	https://www.sinobiological.com/search?keywords=10108-H27B-B	True	86.86	NP_068576.1	1-740	8WGV	2	D	1.000	0.830	1-614	1-614	2.92	ELECTRON MICROSCOPY	2024-02-28	Angiotensin-converting enzyme 2
ACE2	Q9BYF1	10108-H27B-B	https://www.sinobiological.com/search?keywords=10108-H27B-B	True	86.86	NP_068576.1	1-740	8WGW	2	B	1.000	0.831	1-615	1-615	2.90	ELECTRON MICROSCOPY	2024-02-28	Angiotensin-converting enzyme 2
ACE2	Q9BYF1	10108-H27B-B	https://www.sinobiological.com/search?keywords=10108-H27B-B	True	86.86	NP_068576.1	1-740	8WHS	2	D	1.000	0.807	19-615	19-615	3.33	ELECTRON MICROSCOPY	2024-07-03	Processed angiotensin-converting enzyme 2
ACE2	Q9BYF1	10108-H27B-B	https://www.sinobiological.com/search?keywords=10108-H27B-B	True	86.86	NP_068576.1	1-740	8WHU	2	D	1.000	0.807	19-615	19-615	3.30	ELECTRON MICROSCOPY	2024-07-03	Processed angiotensin-converting enzyme 2
ACE2	Q9BYF1	10108-H27B-B	https://www.sinobiological.com/search?keywords=10108-H27B-B	True	86.86	NP_068576.1	1-740	8WHZ	1	A	1.000	0.807	19-615	19-615	3.93	ELECTRON MICROSCOPY	2024-06-26	Processed angiotensin-converting enzyme 2
ACE2	Q9BYF1	10108-H27B-B	https://www.sinobiological.com/search?keywords=10108-H27B-B	True	86.86	NP_068576.1	1-740	8WLZ	2	D	1.000	0.807	19-615	19-615	4.45	ELECTRON MICROSCOPY	2024-07-17	Processed angiotensin-converting enzyme 2
ACE2	Q9BYF1	10108-H27B-B	https://www.sinobiological.com/search?keywords=10108-H27B-B	True	86.86	NP_068576.1	1-740	8WM3	2	B	0.999	1.000	1-740	1-740	3.34	ELECTRON MICROSCOPY	2024-09-25	Angiotensin-converting enzyme 2
ACE2	Q9BYF1	10108-H27B-B	https://www.sinobiological.com/search?keywords=10108-H27B-B	True	86.86	NP_068576.1	1-740	8WP8	1	A	1.000	0.808	18-615	18-615	2.89	ELECTRON MICROSCOPY	2024-07-03	Processed angiotensin-converting enzyme 2
ACE2	Q9BYF1	10108-H27B-B	https://www.sinobiological.com/search?keywords=10108-H27B-B	True	86.86	NP_068576.1	1-740	8WRH	1	A	1.000	1.000	1-740	1-740	3.08	ELECTRON MICROSCOPY	2023-11-29	Angiotensin-converting enzyme 2
ACE2	Q9BYF1	10108-H27B-B	https://www.sinobiological.com/search?keywords=10108-H27B-B	True	86.86	NP_068576.1	1-740	8WRL	1	A	1.000	0.803	19-612	19-612	3.36	ELECTRON MICROSCOPY	2023-11-29	Processed angiotensin-converting enzyme 2
ACE2	Q9BYF1	10108-H27B-B	https://www.sinobiological.com/search?keywords=10108-H27B-B	True	86.86	NP_068576.1	1-740	8WRM	2	D	1.000	0.803	19-612	19-612	4.34	ELECTRON MICROSCOPY	2023-12-06	Processed angiotensin-converting enzyme 2
ACE2	Q9BYF1	10108-H27B-B	https://www.sinobiological.com/search?keywords=10108-H27B-B	True	86.86	NP_068576.1	1-740	8WRO	2	D	1.000	0.803	19-612	19-612	3.90	ELECTRON MICROSCOPY	2023-12-06	Processed angiotensin-converting enzyme 2
ACE2	Q9BYF1	10108-H27B-B	https://www.sinobiological.com/search?keywords=10108-H27B-B	True	86.86	NP_068576.1	1-740	8WSR	2	A	1.000	1.000	1-740	1-740	2.99	ELECTRON MICROSCOPY	2024-10-23	Angiotensin-converting enzyme 2
ACE2	Q9BYF1	10108-H27B-B	https://www.sinobiological.com/search?keywords=10108-H27B-B	True	86.86	NP_068576.1	1-740	8WTD	1	A	1.000	1.000	1-740	1-740	3.06	ELECTRON MICROSCOPY	2023-12-13	Angiotensin-converting enzyme 2
ACE2	Q9BYF1	10108-H27B-B	https://www.sinobiological.com/search?keywords=10108-H27B-B	True	86.86	NP_068576.1	1-740	8WTJ	2	E	1.000	0.803	19-612	19-612	4.64	ELECTRON MICROSCOPY	2023-12-13	Processed angiotensin-converting enzyme 2
ACE2	Q9BYF1	10108-H27B-B	https://www.sinobiological.com/search?keywords=10108-H27B-B	True	86.86	NP_068576.1	1-740	8WYH	2	T	1.000	0.807	19-615	19-615	3.00	ELECTRON MICROSCOPY	2024-11-13	Angiotensin-converting enzyme 2
ACE2	Q9BYF1	10108-H27B-B	https://www.sinobiological.com/search?keywords=10108-H27B-B	True	86.86	NP_068576.1	1-740	8XAL	2	I	0.998	0.834	1-617	1-617	3.20	ELECTRON MICROSCOPY	2025-01-22	Angiotensin-converting enzyme 2,Green fluorescent protein (Fragment)
ACE2	Q9BYF1	10108-H27B-B	https://www.sinobiological.com/search?keywords=10108-H27B-B	True	86.86	NP_068576.1	1-740	8XLM	2	D	1.000	0.809	19-617	19-617	3.22	ELECTRON MICROSCOPY	2024-05-01	Processed angiotensin-converting enzyme 2
ACE2	Q9BYF1	10108-H27B-B	https://www.sinobiological.com/search?keywords=10108-H27B-B	True	86.86	NP_068576.1	1-740	8XLN	1	D	1.000	0.809	19-617	19-617	3.78	ELECTRON MICROSCOPY	2024-05-01	Processed angiotensin-converting enzyme 2
ACE2	Q9BYF1	10108-H27B-B	https://www.sinobiological.com/search?keywords=10108-H27B-B	True	86.86	NP_068576.1	1-740	8XN2	1	A	1.000	0.807	19-615	19-615	2.79	ELECTRON MICROSCOPY	2024-07-03	Angiotensin-converting enzyme 2
ACE2	Q9BYF1	10108-H27B-B	https://www.sinobiological.com/search?keywords=10108-H27B-B	True	86.86	NP_068576.1	1-740	8XN3	1	A	1.000	0.807	19-615	19-615	2.64	ELECTRON MICROSCOPY	2024-07-03	Angiotensin-converting enzyme 2
ACE2	Q9BYF1	10108-H27B-B	https://www.sinobiological.com/search?keywords=10108-H27B-B	True	86.86	NP_068576.1	1-740	8XN5	1	A	1.000	0.807	19-615	19-615	2.87	ELECTRON MICROSCOPY	2024-07-03	Angiotensin-converting enzyme 2
ACE2	Q9BYF1	10108-H27B-B	https://www.sinobiological.com/search?keywords=10108-H27B-B	True	86.86	NP_068576.1	1-740	8XNF	1	A	1.000	0.807	19-615	19-615	3.26	ELECTRON MICROSCOPY	2024-07-03	Angiotensin-converting enzyme 2
ACE2	Q9BYF1	10108-H27B-B	https://www.sinobiological.com/search?keywords=10108-H27B-B	True	86.86	NP_068576.1	1-740	8XNK	1	A	1.000	0.807	19-615	19-615	2.78	ELECTRON MICROSCOPY	2024-07-03	Angiotensin-converting enzyme 2
ACE2	Q9BYF1	10108-H27B-B	https://www.sinobiological.com/search?keywords=10108-H27B-B	True	86.86	NP_068576.1	1-740	8XSF	1	A	1.000	1.000	1-740	1-740	2.16	ELECTRON MICROSCOPY	2024-07-17	Angiotensin-converting enzyme 2
ACE2	Q9BYF1	10108-H27B-B	https://www.sinobiological.com/search?keywords=10108-H27B-B	True	86.86	NP_068576.1	1-740	8XSJ	1	A	1.000	1.000	1-740	1-740	2.61	ELECTRON MICROSCOPY	2024-07-17	Angiotensin-converting enzyme 2
ACE2	Q9BYF1	10108-H27B-B	https://www.sinobiological.com/search?keywords=10108-H27B-B	True	86.86	NP_068576.1	1-740	8XUY	2	D	1.000	0.809	19-617	19-617	3.14	ELECTRON MICROSCOPY	2024-10-09	Processed angiotensin-converting enzyme 2
ACE2	Q9BYF1	10108-H27B-B	https://www.sinobiological.com/search?keywords=10108-H27B-B	True	86.86	NP_068576.1	1-740	8XUZ	2	L	1.000	0.809	19-617	19-617	3.05	ELECTRON MICROSCOPY	2024-10-09	Processed angiotensin-converting enzyme 2
ACE2	Q9BYF1	10108-H27B-B	https://www.sinobiological.com/search?keywords=10108-H27B-B	True	86.86	NP_068576.1	1-740	8XV0	1	A	1.000	0.809	19-617	19-617	3.00	ELECTRON MICROSCOPY	2024-10-09	Processed angiotensin-converting enzyme 2
ACE2	Q9BYF1	10108-H27B-B	https://www.sinobiological.com/search?keywords=10108-H27B-B	True	86.86	NP_068576.1	1-740	8XV1	2	D	1.000	0.809	19-617	19-617	3.05	ELECTRON MICROSCOPY	2024-10-09	Processed angiotensin-converting enzyme 2
ACE2	Q9BYF1	10108-H27B-B	https://www.sinobiological.com/search?keywords=10108-H27B-B	True	86.86	NP_068576.1	1-740	8XVM	2	D	1.000	0.809	19-617	19-617	2.77	ELECTRON MICROSCOPY	2024-10-09	Processed angiotensin-converting enzyme 2
ACE2	Q9BYF1	10108-H27B-B	https://www.sinobiological.com/search?keywords=10108-H27B-B	True	86.86	NP_068576.1	1-740	8XXW	1	A	1.000	0.785	19-599	19-599	3.03	ELECTRON MICROSCOPY	2024-06-19	Processed angiotensin-converting enzyme 2
ACE2	Q9BYF1	10108-H27B-B	https://www.sinobiological.com/search?keywords=10108-H27B-B	True	86.86	NP_068576.1	1-740	8XY9	1	A	1.000	0.807	19-615	19-615	3.64	X-RAY DIFFRACTION	2025-01-22	Processed angiotensin-converting enzyme 2
ACE2	Q9BYF1	10108-H27B-B	https://www.sinobiological.com/search?keywords=10108-H27B-B	True	86.86	NP_068576.1	1-740	8XYE	1	A	1.000	0.805	19-614	19-614	3.32	X-RAY DIFFRACTION	2025-01-22	Processed angiotensin-converting enzyme 2
ACE2	Q9BYF1	10108-H27B-B	https://www.sinobiological.com/search?keywords=10108-H27B-B	True	86.86	NP_068576.1	1-740	8XYG	1	A	1.000	0.804	19-613	19-613	3.64	X-RAY DIFFRACTION	2025-01-22	Processed angiotensin-converting enzyme 2
ACE2	Q9BYF1	10108-H27B-B	https://www.sinobiological.com/search?keywords=10108-H27B-B	True	86.86	NP_068576.1	1-740	8XYO	1	A	1.000	0.807	19-615	19-615	3.04	ELECTRON MICROSCOPY	2025-01-22	Angiotensin-converting enzyme 2
ACE2	Q9BYF1	10108-H27B-B	https://www.sinobiological.com/search?keywords=10108-H27B-B	True	86.86	NP_068576.1	1-740	8Y16	1	A	1.000	0.807	19-615	19-615	2.98	ELECTRON MICROSCOPY	2024-07-03	Angiotensin-converting enzyme 2
ACE2	Q9BYF1	10108-H27B-B	https://www.sinobiological.com/search?keywords=10108-H27B-B	True	86.86	NP_068576.1	1-740	8Y18	1	A	1.000	0.807	19-615	19-615	3.04	ELECTRON MICROSCOPY	2024-07-03	Angiotensin-converting enzyme 2
ACE2	Q9BYF1	10108-H27B-B	https://www.sinobiological.com/search?keywords=10108-H27B-B	True	86.86	NP_068576.1	1-740	8Y6A	1	A	1.000	0.807	19-615	19-615	2.72	ELECTRON MICROSCOPY	2024-07-03	Angiotensin-converting enzyme 2
ACE2	Q9BYF1	10108-H27B-B	https://www.sinobiological.com/search?keywords=10108-H27B-B	True	86.86	NP_068576.1	1-740	8YZB	2	B	1.000	0.989	1-732	1-732	3.29	ELECTRON MICROSCOPY	2025-01-22	Angiotensin-converting enzyme 2
ACE2	Q9BYF1	10108-H27B-B	https://www.sinobiological.com/search?keywords=10108-H27B-B	True	86.86	NP_068576.1	1-740	8YZC	2	G	1.000	0.989	1-732	1-732	2.70	ELECTRON MICROSCOPY	2025-01-22	Angiotensin-converting enzyme 2
ACE2	Q9BYF1	10108-H27B-B	https://www.sinobiological.com/search?keywords=10108-H27B-B	True	86.86	NP_068576.1	1-740	8YZD	2	B	1.000	0.989	1-732	1-732	3.07	ELECTRON MICROSCOPY	2025-01-22	Angiotensin-converting enzyme 2
ACE2	Q9BYF1	10108-H27B-B	https://www.sinobiological.com/search?keywords=10108-H27B-B	True	86.86	NP_068576.1	1-740	8YZE	2	G	1.000	0.989	1-732	1-732	3.06	ELECTRON MICROSCOPY	2025-01-22	Angiotensin-converting enzyme 2
ACE2	Q9BYF1	10108-H27B-B	https://www.sinobiological.com/search?keywords=10108-H27B-B	True	86.86	NP_068576.1	1-740	8Z3W	2	D	0.995	0.835	1-618	1-618	3.45	ELECTRON MICROSCOPY	2025-02-05	Angiotensin-converting enzyme 2
ACE2	Q9BYF1	10108-H27B-B	https://www.sinobiological.com/search?keywords=10108-H27B-B	True	86.86	NP_068576.1	1-740	8Z4X	2	D	0.995	0.835	1-618	1-618	3.40	ELECTRON MICROSCOPY	2025-02-05	Angiotensin-converting enzyme 2
ACE2	Q9BYF1	10108-H27B-B	https://www.sinobiological.com/search?keywords=10108-H27B-B	True	86.86	NP_068576.1	1-740	8Z64	2	D	0.995	0.835	1-618	1-618	3.53	ELECTRON MICROSCOPY	2025-02-05	Angiotensin-converting enzyme 2
ACE2	Q9BYF1	10108-H27B-B	https://www.sinobiological.com/search?keywords=10108-H27B-B	True	86.86	NP_068576.1	1-740	8Z6A	2	D	0.995	0.835	1-618	1-618	2.99	ELECTRON MICROSCOPY	2025-02-05	Angiotensin-converting enzyme 2
ACE2	Q9BYF1	10108-H27B-B	https://www.sinobiological.com/search?keywords=10108-H27B-B	True	86.86	NP_068576.1	1-740	8Z7B	1	D	0.995	0.835	1-618	1-618	3.30	ELECTRON MICROSCOPY	2025-02-05	Angiotensin-converting enzyme 2
ACE2	Q9BYF1	10108-H27B-B	https://www.sinobiological.com/search?keywords=10108-H27B-B	True	86.86	NP_068576.1	1-740	8Z7P	1	D	0.995	0.835	1-618	1-618	3.45	ELECTRON MICROSCOPY	2025-02-05	Angiotensin-converting enzyme 2
ACE2	Q9BYF1	10108-H27B-B	https://www.sinobiological.com/search?keywords=10108-H27B-B	True	86.86	NP_068576.1	1-740	8ZBQ	1	D	1.000	0.807	19-615	19-615	3.03	ELECTRON MICROSCOPY	2024-09-18	Angiotensin-converting enzyme 2
ACE2	Q9BYF1	10108-H27B-B	https://www.sinobiological.com/search?keywords=10108-H27B-B	True	86.86	NP_068576.1	1-740	9FMM	1	A	1.000	0.976	19-740	19-740	2.50	X-RAY DIFFRACTION	2024-07-17	Angiotensin-converting enzyme 2
ACE2	Q9BYF1	10108-H27B-B	https://www.sinobiological.com/search?keywords=10108-H27B-B	True	86.86	NP_068576.1	1-740	9IU1	1	A	1.000	0.809	19-617	19-617	4.30	ELECTRON MICROSCOPY	2024-10-09	Processed angiotensin-converting enzyme 2
ACE2	Q9BYF1	10108-H27B-B	https://www.sinobiological.com/search?keywords=10108-H27B-B	True	86.86	NP_068576.1	1-740	9IUP	1	A	1.000	0.803	19-612	19-612	3.30	ELECTRON MICROSCOPY	2025-01-15	Processed angiotensin-converting enzyme 2
ACE2	Q9BYF1	10108-H27B-B	https://www.sinobiological.com/search?keywords=10108-H27B-B	True	86.86	NP_068576.1	1-740	9IUQ	1	A	1.000	0.803	19-612	19-612	3.30	ELECTRON MICROSCOPY	2025-01-15	Processed angiotensin-converting enzyme 2
ACE2	Q9BYF1	10108-H27B-B	https://www.sinobiological.com/search?keywords=10108-H27B-B	True	86.86	NP_068576.1	1-740	9IUU	1	A	1.000	0.807	19-615	19-615	3.29	ELECTRON MICROSCOPY	2025-01-15	Angiotensin-converting enzyme 2
ACE2	Q9BYF1	10108-H27B-B	https://www.sinobiological.com/search?keywords=10108-H27B-B	True	86.86	NP_068576.1	1-740	9JJ6	2	A	1.000	0.807	19-615	19-615	2.94	ELECTRON MICROSCOPY	2025-03-12	Processed angiotensin-converting enzyme 2
ACVR2B	Q13705	10229-H08H-B	https://www.sinobiological.com/search?keywords=10229-H08H-B	True	14.77	NP_001097.2	1-134	2H62	3	D	1.000	0.731	19-116	19-116	1.85	X-RAY DIFFRACTION	2007-04-10	Acvr2b protein
ACVR2B	Q13705	10229-H08H-B	https://www.sinobiological.com/search?keywords=10229-H08H-B	True	14.77	NP_001097.2	1-134	4FAO	3	E	1.000	0.866	19-134	19-134	3.36	X-RAY DIFFRACTION	2012-06-20	Activin receptor type-2B
ACVR2B	Q13705	10229-H08H-B	https://www.sinobiological.com/search?keywords=10229-H08H-B	True	14.77	NP_001097.2	1-134	5NGV	1	A	1.000	0.701	24-117	24-117	2.00	X-RAY DIFFRACTION	2017-11-15	Activin receptor type-2B
ACVR2B	Q13705	10229-H08H-B	https://www.sinobiological.com/search?keywords=10229-H08H-B	True	14.77	NP_001097.2	1-134	5NHR	3	C	1.000	0.701	24-117	24-117	3.35	X-RAY DIFFRACTION	2017-11-15	Activin receptor type-2B
ACVR2B	Q13705	10229-H08H-B	https://www.sinobiological.com/search?keywords=10229-H08H-B	True	14.77	NP_001097.2	1-134	7MRZ	2	C	1.000	0.866	19-134	19-134	3.00	X-RAY DIFFRACTION	2022-01-19	Activin receptor type-2B,Activin receptor type-1B
ACVR2B	Q13705	10229-H08H-B	https://www.sinobiological.com/search?keywords=10229-H08H-B	True	14.77	NP_001097.2	1-134	7OLY	2	C	1.000	0.866	19-134	19-134	3.27	X-RAY DIFFRACTION	2022-02-23	Activin receptor type-2B
ARF1	P84077	14968-H49E-B	https://www.sinobiological.com/search?keywords=14968-H49E-B	True	23.33	P84077	1-181	1HUR	1	A	1.000	0.994	2-181	2-181	2.00	X-RAY DIFFRACTION	1995-07-10	HUMAN ADP-RIBOSYLATION FACTOR 1
ARF1	P84077	14968-H49E-B	https://www.sinobiological.com/search?keywords=14968-H49E-B	True	23.33	P84077	1-181	1RE0	1	A	1.000	0.906	18-181	18-181	2.40	X-RAY DIFFRACTION	2003-12-16	ADP-ribosylation factor 1
ARF1	P84077	14968-H49E-B	https://www.sinobiological.com/search?keywords=14968-H49E-B	True	23.33	P84077	1-181	1U81	1	A	1.000	0.906	18-181	18-181		SOLUTION NMR	2004-10-05	ADP-ribosylation factor 1
ARF1	P84077	14968-H49E-B	https://www.sinobiological.com/search?keywords=14968-H49E-B	True	23.33	P84077	1-181	3O47	1	A	0.994	0.950	10-181	10-181	2.80	X-RAY DIFFRACTION	2010-08-11	ADP-ribosylation factor GTPase-activating protein 1, ADP-ribosylation factor 1
ARF1	P84077	14968-H49E-B	https://www.sinobiological.com/search?keywords=14968-H49E-B	True	23.33	P84077	1-181	4HMY	5	C	0.994	0.912	17-181	17-181	7.00	X-RAY DIFFRACTION	2013-03-06	ADP-ribosylation factor 1
ARF1	P84077	14968-H49E-B	https://www.sinobiological.com/search?keywords=14968-H49E-B	True	23.33	P84077	1-181	6CM9	3	C	0.971	0.950	9-181	9-181	3.73	ELECTRON MICROSCOPY	2018-08-08	ADP-ribosylation factor 1
ARF1	P84077	14968-H49E-B	https://www.sinobiological.com/search?keywords=14968-H49E-B	True	23.33	P84077	1-181	6CRI	3	C	0.994	0.912	17-181	17-181	6.80	ELECTRON MICROSCOPY	2018-08-01	ADP-ribosylation factor 1
ARF1	P84077	14968-H49E-B	https://www.sinobiological.com/search?keywords=14968-H49E-B	True	23.33	P84077	1-181	6D83	3	C	0.971	0.950	9-181	9-181	4.27	ELECTRON MICROSCOPY	2018-08-08	ADP-ribosylation factor 1
ARF1	P84077	14968-H49E-B	https://www.sinobiological.com/search?keywords=14968-H49E-B	True	23.33	P84077	1-181	6D84	3	C	0.971	0.950	9-181	9-181	6.72	ELECTRON MICROSCOPY	2018-08-08	ADP-ribosylation factor 1
ARF1	P84077	14968-H49E-B	https://www.sinobiological.com/search?keywords=14968-H49E-B	True	23.33	P84077	1-181	6DFF	3	C	0.971	0.950	9-181	9-181	3.90	ELECTRON MICROSCOPY	2018-08-08	ADP-ribosylation factor 1
ARF1	P84077	14968-H49E-B	https://www.sinobiological.com/search?keywords=14968-H49E-B	True	23.33	P84077	1-181	6FAE	2	B	0.988	0.917	16-181	16-181	2.35	X-RAY DIFFRACTION	2018-01-17	ADP-ribosylation factor 1
ARF1	P84077	14968-H49E-B	https://www.sinobiological.com/search?keywords=14968-H49E-B	True	23.33	P84077	1-181	7DN8	2	B	0.982	0.928	14-181	14-181	2.61	X-RAY DIFFRACTION	2021-12-15	ADP-ribosylation factor 1
ARF1	P84077	14968-H49E-B	https://www.sinobiological.com/search?keywords=14968-H49E-B	True	23.33	P84077	1-181	7DN9	2	B	0.994	0.912	17-181	17-181	3.29	X-RAY DIFFRACTION	2021-12-15	ADP-ribosylation factor 1
ARF1	P84077	14968-H49E-B	https://www.sinobiological.com/search?keywords=14968-H49E-B	True	23.33	P84077	1-181	7MGE	4	E	1.000	0.906	17-180	17-180	3.94	ELECTRON MICROSCOPY	2021-06-23	ADP-ribosylation factor 1
ARF1	P84077	14968-H49E-B	https://www.sinobiological.com/search?keywords=14968-H49E-B	True	23.33	P84077	1-181	7R4H	2	C	0.994	0.912	17-181	17-181	2.34	ELECTRON MICROSCOPY	2022-09-14	ADP-ribosylation factor 1
ARF1	P84077	14968-H49E-B	https://www.sinobiological.com/search?keywords=14968-H49E-B	True	23.33	P84077	1-181	7UX3	1	C	1.000	0.994	2-181	2-181	9.60	ELECTRON MICROSCOPY	2023-05-10	ADP-ribosylation factor 1
ARF1	P84077	14968-H49E-B	https://www.sinobiological.com/search?keywords=14968-H49E-B	True	23.33	P84077	1-181	8D4C	1	C	1.000	0.994	2-181	2-181	9.30	ELECTRON MICROSCOPY	2023-06-14	ADP-ribosylation factor 1
ARF1	P84077	14968-H49E-B	https://www.sinobiological.com/search?keywords=14968-H49E-B	True	23.33	P84077	1-181	8D4D	1	C	1.000	0.994	2-181	2-181	9.60	ELECTRON MICROSCOPY	2023-06-14	ADP-ribosylation factor 1
ARF1	P84077	14968-H49E-B	https://www.sinobiological.com/search?keywords=14968-H49E-B	True	23.33	P84077	1-181	8D4E	1	C	1.000	0.994	2-181	2-181	9.20	ELECTRON MICROSCOPY	2023-06-14	ADP-ribosylation factor 1
ARF1	P84077	14968-H49E-B	https://www.sinobiological.com/search?keywords=14968-H49E-B	True	23.33	P84077	1-181	8D4F	2	C	1.000	0.994	2-181	2-181	9.80	ELECTRON MICROSCOPY	2023-06-14	ADP-ribosylation factor 1
ARF1	P84077	14968-H49E-B	https://www.sinobiological.com/search?keywords=14968-H49E-B	True	23.33	P84077	1-181	8D4G	2	C	1.000	1.000	1-181	1-181	11.60	ELECTRON MICROSCOPY	2023-06-14	ADP-ribosylation factor 1
ARF1	P84077	14968-H49E-B	https://www.sinobiological.com/search?keywords=14968-H49E-B	True	23.33	P84077	1-181	8D9R	1	3	1.000	0.994	2-181	2-181	20.00	ELECTRON MICROSCOPY	2022-11-09	ADP-ribosylation factor 1
ARF1	P84077	14968-H49E-B	https://www.sinobiological.com/search?keywords=14968-H49E-B	True	23.33	P84077	1-181	8D9R	4	A	1.000	0.994	2-181	2-181	20.00	ELECTRON MICROSCOPY	2022-11-09	AP-1 complex subunit beta-1
ARF1	P84077	14968-H49E-B	https://www.sinobiological.com/search?keywords=14968-H49E-B	True	23.33	P84077	1-181	8D9S	1	3	1.000	0.994	2-181	2-181	20.00	ELECTRON MICROSCOPY	2022-11-09	ADP ribosylation factor 1
ARF1	P84077	14968-H49E-B	https://www.sinobiological.com/search?keywords=14968-H49E-B	True	23.33	P84077	1-181	8D9S	4	A	1.000	0.994	2-181	2-181	20.00	ELECTRON MICROSCOPY	2022-11-09	AP-1 complex subunit beta-1
ARF1	P84077	14968-H49E-B	https://www.sinobiological.com/search?keywords=14968-H49E-B	True	23.33	P84077	1-181	8D9U	1	C	1.000	0.994	2-181	2-181	20.00	ELECTRON MICROSCOPY	2022-11-09	ADP-ribosylation factor 1
ARF1	P84077	14968-H49E-B	https://www.sinobiological.com/search?keywords=14968-H49E-B	True	23.33	P84077	1-181	8D9U	4	A	1.000	0.994	2-181	2-181	20.00	ELECTRON MICROSCOPY	2022-11-09	AP-1 complex subunit beta-1
ARF1	P84077	14968-H49E-B	https://www.sinobiological.com/search?keywords=14968-H49E-B	True	23.33	P84077	1-181	8D9W	5	F	1.000	0.994	2-181	2-181	9.30	ELECTRON MICROSCOPY	2023-07-05	ADP-ribosylation factor 1
ARF1	P84077	14968-H49E-B	https://www.sinobiological.com/search?keywords=14968-H49E-B	True	23.33	P84077	1-181	8SDW	1	A	0.994	1.000	1-181	1-181	1.75	X-RAY DIFFRACTION	2023-06-28	ADP-ribosylation factor 1
ARF1	P84077	14968-H49E-B	https://www.sinobiological.com/search?keywords=14968-H49E-B	True	23.33	P84077	1-181	9C58	5	A	0.994	0.994	2-181	2-181	4.70	ELECTRON MICROSCOPY	2024-12-18	ADP-ribosylation factor 1
ARF1	P84077	14968-H49E-B	https://www.sinobiological.com/search?keywords=14968-H49E-B	True	23.33	P84077	1-181	9C59	5	A	0.994	0.994	2-181	2-181	4.30	ELECTRON MICROSCOPY	2024-12-18	ADP-ribosylation factor 1
ARF1	P84077	14968-H49E-B	https://www.sinobiological.com/search?keywords=14968-H49E-B	True	23.33	P84077	1-181	9C5A	3	C	0.994	0.994	2-181	2-181	4.20	ELECTRON MICROSCOPY	2024-12-18	ADP-ribosylation factor 1
ARF1	P84077	14968-H49E-B	https://www.sinobiological.com/search?keywords=14968-H49E-B	True	23.33	P84077	1-181	9C5B	1	A	0.994	0.994	2-181	2-181	4.50	ELECTRON MICROSCOPY	2024-12-18	ADP-ribosylation factor 1
